World,Afghanistan,Albania,Algeria,American Samoa,Angola,Antarctica,Antigua and Barbuda,Argentina,Armenia,Aruba,Australia,Austria,Azerbaijan,Bahrain,Bangladesh,Barbados,Belarus,Belgium,Belize,Benin,Bermuda,Bhutan,Bolivia,Bosnia and Herzegovina,Botswana,Brazil,British Virgin Islands,Brunei,Bulgaria,Burkina Faso,Burma,Burundi,Cabo Verde,Cambodia,Cameroon,Canada,Cayman Islands,Central African Republic,Chad,Chile,China,Colombia,Comoros,Congo-Brazzaville,Congo-Kinshasa,Cook Islands,Costa Rica,Croatia,Cuba,Cyprus,Czech Republic,Côte d’Ivoire,Denmark,Djibouti,Dominica,Dominican Republic,Ecuador,Egypt,El Salvador,Equatorial Guinea,Eritrea,Estonia,Eswatini,Ethiopia,Falkland Islands,Faroe Islands,Fiji,Finland,Former Czechoslovakia,Former Serbia and Montenegro,Former U.S.S.R.,Former Yugoslavia,France,French Guiana,French Polynesia,Gabon,"Gambia, The",Georgia,Germany,"Germany, East","Germany, West",Ghana,Gibraltar,Greece,Greenland,Grenada,Guadeloupe,Guam,Guatemala,Guinea,Guinea-Bissau,Guyana,Haiti,Hawaiian Trade Zone,Honduras,Hong Kong,Hungary,Iceland,India,Indonesia,Iran,Iraq,Ireland,Israel,Italy,Jamaica,Japan,Jordan,Kazakhstan,Kenya,Kiribati,Kosovo,Kuwait,Kyrgyzstan,Laos,Latvia,Lebanon,Lesotho,Liberia,Libya,Lithuania,Luxembourg,Macau,Madagascar,Malawi,Malaysia,Maldives,Mali,Malta,Martinique,Mauritania,Mauritius,Mexico,Micronesia,Moldova,Mongolia,Montenegro,Montserrat,Morocco,Mozambique,Namibia,Nauru,Nepal,Netherlands,Netherlands Antilles,New Caledonia,New Zealand,Nicaragua,Niger,Nigeria,Niue,North Korea,North Macedonia,Northern Mariana Islands,Norway,Oman,Pakistan,Palestinian Territories,Panama,Papua New Guinea,Paraguay,Peru,Philippines,Poland,Portugal,Puerto Rico,Qatar,Reunion,Romania,Russia,Rwanda,Saint Helena,Saint Kitts and Nevis,Saint Lucia,Saint Pierre and Miquelon,Saint Vincent/Grenadines,Samoa,Sao Tome and Principe,Saudi Arabia,Senegal,Serbia,Seychelles,Sierra Leone,Singapore,Slovakia,Slovenia,Solomon Islands,Somalia,South Africa,South Korea,South Sudan,Spain,Sri Lanka,Sudan,Suriname,Sweden,Switzerland,Syria,Taiwan,Tajikistan,Tanzania,Thailand,The Bahamas,Timor-Leste,Togo,Tonga,Trinidad and Tobago,Tunisia,Turkey,Turkmenistan,Turks and Caicos Islands,Tuvalu,U.S. Pacific Islands,U.S. Territories,U.S. Virgin Islands,Uganda,Ukraine,United Arab Emirates,United Kingdom,United States,Uruguay,Uzbekistan,Vanuatu,Venezuela,Vietnam,Wake Island,Western Sahara,Yemen,Zambia,Zimbabwe
63107.57191728383,6.999999999,46,121.000000001,2.8,20.000000002,1,2.8,498.999999999,0,0,594.4,232.07,0,16,31.999999999,6.7,0,522.2,1.6,3,3.8,0.02,25.000000001,0,3,1147.999999999,0.2,4.8,306,2.999999999,23,0.699999999,2.1,1.9,16.000000001,1873,0.7,1,2,107,1940,161,0.3,5.000000001,19.000000001,0.2,16.000000001,0,203,20.000000001,0,28,290.3,10,0.2,38.000000002,84,260,13.999999999,0.4,0,0,2,12.000000001,0.08,0,7.100000001,270.5,355,0,8995,301,2256.4,2.500000001,1.5,11,1.100000001,0,0,375,2707,16,3.3,262.4,3.7,0.299999999,3.5,25.000000002,28.999999999,5.600000001,0.6,9.800000001,6,45,12,124,243.8,11,642.999999999,408,589.999999999,217,119.035,160.4,1934.8,52.999999999,4960.3,36.999999999,0,41,0.2,NA,106.000000001,0,3,0,44.999999999,1.000000001,13.000000001,100,0,23,3.199999999,8,3,160,0.1,3.000000002,8.7,4.5,4.2,5.999999999,1270,NA,0,12,0,0.1,89,12.999999999,0,0.900000001,2,792.1,109.000000001,9.999999999,91.37,13,4,170,0.02,48,0,NA,200.3,17,103.999999999,0,77.999999999,12,9.900000001,133,225,386.8,154.3,106.000000001,16.999999998,4.3,374,0,1.1,0.021726027,0.4,0.799999998,1,0.3,0.7,0.199999999,610.000000001,17,0,1.499999999,5.000000001,202,0,0,0.7,7.9,312,537.5,0,990.2,34,22,13.999999999,526.8,307.1,110,379.999999999,0,12.999999999,224,27.999999999,0,4.100000001,0.2,42,52,313.2,0,0,NA,1.1,NA,20,5.000000001,0,75,1725.6,17055.35519125683,39.999999998,0,0.800000001,399.999999999,24,9.000000001,1.099999999,45,16.000000001,12.999999999
60903.35150686331,8.000000001,44,126.999999999,3.3,20.000000002,1,2.500000001,482.999999999,0,0,584,225,0,16,33.000000001,7,0,481,1.5,3,3.3,0.2,27,0,3,1085.000000001,0.3,5.000000001,294,2.999999999,23,0.8,2.1,2,16.000000001,1768,0.8,1.3,1.9,104,1857.000000001,164,0.3,5.999999999,20.000000001,0.4,16.000000001,0,206.999999999,16.999999999,0,30.000000002,243,8,0.3,37.000000002,87.999999999,300.000000001,12,0.4,0,0,2,12.000000001,0.08,0,7.3,241,350,0,8935.000000001,285,2023,2.199999999,2.299999999,11.999999999,1.100000001,0,0,355,2449,14.000000001,3.7,254,3.499999999,0.400000001,4.900000001,35,25,5.5,0.6,12,4,51.999999999,10.999999999,128.000000001,236,10,729,454.999999999,580,214,104,163,1874,46.000000001,4848,43.999999999,0,39,0.2,NA,115.999999999,0,1.2,0,42,1.000000001,12,115,0,22,3.100000001,6.999999999,3.5,165,0.1,4,9.499999999,4.5,3.999999999,5.4,1399,NA,0,12,0,0.1,85,11.000000001,0,0.900000001,2,731,99.999999999,9.999999999,85,13,4,200.000000001,0.02,51,0,NA,185,17,113,0,77,12,9.100000001,137.000000001,212,346,140,106.000000001,18.000000001,4.3,345.000000001,0,2.5,0.02,0.4,0.6,1,0.3,0.7,0.199999999,670,17,0,1.200000001,5.000000001,214,0,0,1,9.199999998,324.000000001,536,0,941,34,23,11.999999999,471,251,120,340,0,15.999999999,214.000000002,29.000000001,0,3.8,0.3,39,57,280,0,0,NA,1.1,NA,20,3.199999999,0,137.000000001,1590,16057.131506849315,35.999999999,0,0.699999999,433.000000001,26,9.000000001,1.099999999,46,14,15.000000001
59617.89808219678,7.799999998,42.999999999,143.000000001,4.6,21.000000001,1,3.399999999,468.000000001,0,0,616,209,0,16,33.999999999,7.100000001,0,445,1.4,2.000000001,3.499999999,0.2,25.000000001,0,2,1060.999999999,0.3,3.999999999,295.000000001,2.999999999,24.000000002,0.699999999,0.9,2.2,19,1578,0.8,1.4,1.9,102,1837.000000001,168,0.3,5.000000001,20.999999999,0.4,14.999999999,0,224.000000002,18.000000001,0,28,230,8,0.3,39.000000002,94.999999999,320.000000001,12,0.5,0,0,2,12.999999999,0.08,0,7.199999999,221,327,0,9075,286.000000001,1880,2.7,3,11,1.100000001,0,0,371,2372,16,3.3,239,3.400000001,0.400000001,6.199999999,27.000000001,25,5.600000001,0.6,9.3,4.999999998,48,10.999999999,125.000000001,223,9,737,479.000000001,660,205,92,162,1781,39.000000001,4582,50.000000001,0,39,0.2,NA,118.000000001,0,1.099999999,0,41.000000001,1.000000001,12,124.000000001,0,22,3.3,6,2.9,180,0.1,3.000000002,10,4.5,3.999999999,5.200000001,1476,NA,0,13.999999999,0,0.1,87.999999999,12.999999999,0,0.900000001,3.000000002,642,95,7,82,13,4,215,0.02,52,0,NA,167,20,134,0,73.999999999,12,8.999999998,136,208.999999998,318,184,106.000000001,20.999999999,4.7,340,0,2.399999999,0.02,0.4,0.799999998,0.9,0.3,0.8,0.199999999,720,17,0,1.099999999,5.400000001,221.999999999,0,0,0.899999999,9.100000001,348.999999999,534,0,1003,35,25,11,402,237,121,330.000000001,0,15,198.999999999,25,0,3.700000001,0.3,30.000000002,52,327,0,0,NA,1.1,NA,20,3.8,0,148,1590,15295.17808219178,34.000000001,0,0.699999999,427,26,9.000000001,1.2,53.999999999,14,12
58847.96520550245,11.000000001,44,136,2.9,22,1,2,477,0,0,594,207,0,15.000000001,30.000000001,7.5,0,407,1.4,3,3.700000001,0.2,25.000000001,0,2,980.000000001,0.3,5.000000001,295.000000001,2.999999999,23,0.8,0.9,2.5,19,1448,0.7,1.5,1.9,96,1874,171.999999999,0.3,4.000000001,20.999999999,0.4,16.000000001,0,206.000000001,20.000000001,0,30.000000002,219,6,0.3,47,85,376.000000001,13,0.5,0,0,2,15,0.08,0,5.9,208,319,0,8950,267,1835,2.8,4.000000001,14.000000001,1.100000001,0,0,337,2324,14.000000001,2.6,231,2.4,0.400000001,6.500000001,26,26,5.699999999,0.6,8.3,4,45,12,118.999999998,223,10,773.000000001,470.000000001,784.999999999,249.999999999,83,151,1750,41,4395,53,0,37.000000001,0.2,NA,123.000000001,0,1.2,0,42.999999999,1.000000001,12,125.000000001,0,21,4.6,8,2.4,191.999999999,0.1,3.000000002,6.799999999,4.4,3.999999999,5.700000001,1350,NA,0,13.999999999,0,0.1,89,12.999999999,0,0.900000001,3.000000002,613,88.999999999,6.000000001,82,13,3,202,0.02,57,0,NA,165,21,137,0,76,12,9.5,124,195.000000001,325,185,106.000000001,22,5.4,320,0,2.699999999,0.02,0.4,0.7,1,0.3,0.8,0.199999999,790.000000001,15.999999998,0,1.900000002,5.000000001,220,0,0,1,8.9,338.000000001,561,0,1011,35.999999999,24,8.000000001,365,259,139,337.000000001,0,12.999999999,214.000000002,19,0,3.999999999,0.3,25.999999999,59,342,0,0,NA,1.1,NA,20,3.7,0,149,1531,15230.545205479451,27.000000001,0,0.699999999,399.999999999,27,9.000000001,1.2,50,14,15.000000001
59858.54905647048,11.000000001,42.999999999,149.999999999,3.3,19,1.3,2.2,463.000000001,0,0,635.057376,202.06011,0,16,31.000000001,7.2,0,385.196721,1.5,3,3.600000001,0.2,24,0,2,1033,0.2,5.6,294,2.999999999,24.000000002,1,1.1,2.8,19,1504.027321,0.8,1.4,0.899999999,101.142076,1911,174.000000001,0.3,4.000000001,20.000000001,0.4,14,0,212.999999999,20.000000001,0,28.999999999,215.5847,4.999999999,0.3,40.999999998,82.999999999,406,13,0.5,0,0,2,15,0.08,0,5.4,214.213116,301.001,0,8910,324.999999999,1770.625684,2.199999999,5.999999999,11.999999999,1.199999999,0,0,372,2184.998,16,2.4,232.407104,3.799999999,0.400000001,7.1,9,23.000000001,5.699999999,0.8,9.3,4,54,12,115,200.185792,10.631147,823.999999999,470.000000001,765.000000001,240,84.508197,125.502732,1719.633881,35,4666.117486,56,0,36,0.1,NA,120.000000001,0,1.099999999,0,41.000000001,1.000000001,11,119.999999999,0,20.669399,5,8,2.3,193.999999999,0.4,3.000000002,9.4,3.9,6.000000001,5.700000001,1394.937157,NA,0,15,0,0.1,85,12,0,0.900000001,3.000000002,590.027323,85,7,84.642077,11.999999999,3,210,0.02,60.000000001,0,NA,188.273224,25.000000001,140,0,75.000000001,13.999999999,10,127,167,314.442623,190.715847,106.000000001,24.000000002,6,307,0,4.399999999,0.02,0.4,0.7,1,0.3,1.000000001,0.199999999,850.000000001,20,0,1.999999999,5.000000001,235,0,0,1,9.199999998,360,554.150273,0,851.789618,39,22,6.7,346.275956,249.180329,153.999999999,384.000000001,0,15,233.000000001,17,0,4.7,0.3,24.999999999,57,343.428961,0,0,NA,1,NA,20,3.8,0,153,1825.450821,15725.15300546448,25.999999999,0,0.699999999,379.000000002,27,9.000000001,1.2,62,12.999999999,15.000000001
60129.3332019636,13.000000001,41.999999999,164.999999999,3.1,25.000000001,1.4,2.2,415,0,0,638.630137,198.213699,0,16,31.999999999,8,0,405.120547,1.5,3.5,3.499999999,0.2,21.999999998,0,3.6,1078.999999999,0.2,6.4,290,2.899999999,22.000000001,1,1.1,2.8,19.999999999,1513.857534,0.8,1.4,1.1,98.046575,2024.000000001,171.000000001,0.3,5.700000001,19.000000001,0.4,14.999999999,0,217,21,0,30.000000002,222.70410999999999,4.999999999,0.3,41.999999999,86.000000001,430.000000001,13.999999999,0.6,0,0,2.300000001,18,0.1,3.499999999,5.5,205.30411,298.001,0,8950,330.999999998,1753.164383,2.199999999,5.2,11,1.199999999,0,0,362,2289.001,14.000000001,5.5,241.673972,3.400000001,0.400000001,6.500000001,4.600000002,26,5.299999999,0.9,9.5,4.800000002,52.1,10.999999999,110.000000001,206.060274,10.750685,895,464.999999999,790,258,83.873972,131.561643,1704.531507,31,4436.052055,58,0,37.000000001,0.1,NA,121,0,1.2,0,47.999999999,1.099999998,11,127.999999999,0,21.989041,4.1,8.599999999,2.7,193.999999999,0.4,3.299999999,6.000000001,4.8,6.000000001,5.800000001,1476.191782,NA,0,16,0,0.2,89.999999999,12.999999999,0,0.900000001,2.499999999,609.531508,71,6.299999999,81.895891,14,3,222.000000002,0.02044,64,0,NA,196.934247,30,159.999999999,0,65,13.999999999,11,125.000000001,152,316.898632,179.863014,106.000000001,25.000000001,5.9,320,0,4.5,0.02044,0.4,0.900000001,0.9,0.3,0.8,0.199999999,938.999999999,19,0,2.099999999,5.500000002,227,0,0,0.899999999,9.100000001,349.999999999,551.035616,0,857.663014,33,25,8.599999998,357.19452,271.041004,163.999999999,378,0,15,225,14.999999999,0,4.399999999,0.3,24,55,359.443836,0,0,NA,0.9,NA,20,4.1,0,184.999999999,1617.40274,15725.860273972603,23.999999999,0,0.800000001,383.000000001,27.999999999,8.9,1.3,69,12,15.000000001
61795.32913967123,13.59753,38.3,166.2,3.2,23.8,1.3,2.23671,447.9,0,0.68,644.183562,206.016439,0,16.11743,34.4,8.4,0,453.978081,1.87195,3.40626,3.29534,0.20958,21.1,0,3.51928,1237,0.12117,5.54551,286.1,3.43178,17.39609,1.01239,0.33769,2.8,22.24379,1517.520548,0.75616,1.7,1.9,103.512328,2057,171.5,0.16353,5.90342,20.54124,0.3,13.5,0,222.5,22.4,0,31.5,219.547944,4.5,0.24628,47,91.9,428,14.9,0.5,0,0,2.03584,17.2,0.07736,3.331616438356164,6.6,223.035616,295,0,8976,305.00448,1763.717808,2.57787,6.62153,9.9,1.08471,0,0,362.1,2429.9,15.8,8.16517,246.375342,2.260082191780822,0.46379,6.60982,7.70821,23.1,6.56517,0.77413,9.02438,4.9,30.5,11.7,113.1,194.526027,10.860274,947,470.7,830,279,98.961645,142.800001,1733.221919,30.6,4502.917808,62.1,0,38.9,0.10347,NA,118.4,0,1.5,0,45.8,1.15379,8.15717,124.8,0,23.824659,5.9,5.59097,2.5,191.9,0.46353,2.4889,7.94235,5,3.42611,7.2,1523.471232,NA,0,16.6,0,0.08175,93.4,6.68471,0,0.86131,3.80957,675.369863,69.4,6.8043,83.380822,13.8,2.5,208.1,0.02043,68.57788,0,NA,201.243835,29.6,165.9,0,66.5,14.4,10.9,135.8,158.3,330.575342,196.139727,105.99999999999993,27.67534,5.70603,321.7,0,4.55473,0.02043,0.34235,0.90297,1.10791,0.25295,0.7,0.22117,974,19.5,0,1.99491,5.80669,257.4,0,0,0.82117,9.7107,350.2,591.745206,0,866.131506,31.24698,28,8.5465699999999991,371.096955,271.104108,164.7,404.3,0,18.02086,234.3,15.1,0,3.6,0.18634,23.1,61.5,387.536986,0,0,NA,0.8,NA,20,4.39,0,207.7,1636.915069,16280.109589041096,23.4,0,0.74555,401.2,28.5,8.9,1.25574,66.4,11.89598,16.1
63060.98708860274,13.86794,33.9,167.4,3.32117,23.9,1.3,2.78473,480,0,0.68,661.057535,209.126027,0,18.9,33.4,7.9778,0,457.39178,1.52965,2.64807,4.73112,0.24536,21.2,0,4.20291,1262.6,0.32117,6.1271,276.4,3.5,16.3,1.07581,0.35686,2.8,20.8,1592.243835,0.80577,1.55473,1.7,108.224657,2162,184.5,0.35399,6.54368,18.52399,0.3,15.8,0,218.8,24.3,0,35.2,213.69589,4.6,0.34628,52.1,90.5,442,14.7,0.51917,0,0,2.31375,19.5,0.07736,3.5,5.4,231.205479,296,0,8995,314.41,1785.408218,2.8839,6.6217,10.4,1.31824,0,0,342.469,2380.53,18.2,8.4,266.509589,1.5600821917808219,0.57733,7.51102,5.31095,23.4,7.02201,1.29531,6.78191,8.36,0,11.8,115.7,199.161643,11.79726,989,494.2,864,285.3,89.309588,157.964383,1815.10411,33.5,4567.49315,65.7,0,34.3,0.12172,NA,114.3,0,1.5,0,47.9,1.15379,6.06376,135.3,0,26.772603,6.39901,8.28,2.61242,197.3,0.46353,2.9,8.7,5.7,4.72117,6.2,1576.416439,NA,0,16.8,0,0.10292,92,6.78471,0,0.86131,4.20941,690.60822,69,7.30516,90.183562,13.9,2.4,217.8,0.02043,69.77788,0,NA,204.032876,26.7,180.1,0,69.8,16.09534,13.7,138.3,189.3,340.109589,192.161643,105.99999999999997,28.9,6.40603,339.8,0,4.49123,0.04215,0.34235,0.97973,1.40791,0.25295,0.7,0.22117,975,19.2,0,2.10709,6.30705,285,0,0,0.958,7.20654,344.9,626.720547,0,895.210959,36.3,26.9,7.12117,364.432876,263.594521,179.1,418.9,0,15.9,260.2,16.8,0,3.53308,0.42117,20.6,52.1,440.528767,0,0,NA,0.8,NA,20.00000000000001,3.9,0,210.3,1610.88767,16664.49589041096,26.6,0,0.64555,403.4,34.6,8.9,1.27746,66.1,12.6,17.58473
64954.37459917688,13.18628,31.6,172.7,3.22112,24,1.4,2.7845,476.6,0,2.51912,694.338798,204.508197,0,18.9,35.7,7.17925,0,469.846994,1.10717,3.32431,5.14732,0.24468,23,0,4.7421,1300.4,0.32112,6.12765,278.2,3.73723,16.7,1.69767,0.48248,3,20,1666.131147,1.89906,1.5546,1.01277,119.661202,2315,197.5,0.35357,5.8028,23.0436,0.3,18,0,220.6,24.3,0,36.6,204.015985,4.5,0.371,58.8,93,437,16.2,0.51912,0,0,2.4551,18.7,0.13639,3.6182465753424657,5.4,230.39475,280.999,0,8891,316.80464,1801.259562,3.29622,6.51546,11.7,1.31819,0,0,322.028,2400.971,21.3,11,279.456284,3.638356164383562,0.59531,8.21559,5.50655,25.7,7.1,1.49505,6.68169,9.1,0,13.2,121.2,182.019127,12.57914,1084,524.8,870.2,320,80.038251,168.25956300000001,1829.478143,37.6,4849.103825,61.5,0,38.4,0.12166,NA,120.8,0,1.5,0,42.8,0.79067,7.9,142.2,0,27.37705,6.19543,8.99458,2.6,202.3,0.56336,1.60812,9.3,6.9,6.2,9.1,1598.06011,NA,0,17.3,0,0.10265,99.2,9.7,0,0.86114,4.06338,722.546448,65,6.70515,94.43989,14.2,4.23311,233.9,0.02038,64.47,0,NA,196.092895,26.2,192.5,0,67.7,14.99508,12.9,141,196.1,340.065573,203.934427,105.99999999999996,26.95,7.51459,329.8,0,4.5,0.04204,0.36336,1.24121,1.41029,0.29824,0.7,0.22112,989.9,16.3,0,3.12792,7.00768,302.6,0,0,1.1607,7.20659,341.6,745.789618,0,982.527322,34,29.5,7.921,350.098361,264.606558,191.3,482.3,0,17,283.4,15.893,0,3.629,0.53155,18.5,61.1,435.636612,0,0,NA,1.11912,NA,19.999999999999996,5.9,0,236.4,1691.554644,17282.73224043716,33.8,0,0.84543,395.4,40.7,8.8,1.27699,67.7,13.68403,17.6
66045.20962071232,13.37298,27,182.9,3.72931,24.3,1.3,2.78473,433.5,0,3.4,722.884931,204.827397,0,19.5,38.1,7.87,0,462.375344,1.63491,3.42438,6.24772,0.24536,24.4,0,5.8,1316.6,0.32117,6.83338,235.9,3.32827,16.7,1.96059,0.5827,3,24.2,1738.59726,1.89934,1.55473,1.11384,134.986301,2416,208.2,0.35399,6.54368,21.84097,0.3,19.7,0,224.9,30.1,0,36.6,195.608219,10.4,0.37119,58.9,90.2,443,15.7,0.81917,0,0,2.58695,19.7,0.2,3.965178082191781,6.4,227.673972,310,0,8740,310.332,1844.172603,3.8051,6.56959,15.6,1.31824,0,0,300.359,2280.639,23.7,9.4,298.450887,3.219178082191781,0.59557,9.1,5.3,26,6.83835,1.51649,4.55753,8.6,0,16.1,123.1,183.131508,13.230138,1150,583.7,965,351,82.917809,172.649316,1897.315068,43.1,5057.90959,62.4,0,42.1,0.12172,NA,124.2,0,1.7,0,34.7,1.15379,6.43178,147.4,0,30.161645,6.59854,6.39056,3.34235,219.3,0.56353,3.22438,9.8,9.6,7.15309,10.19589,1714.958904,NA,0,16.7,0,0.10292,110.9,8,0,0.86131,4.0979,715.378082,68.5,7.30516,99.098631,13.9,4.23347,244.2,0.02043,63.6686,0,NA,189.734248,31.3,206.4,0,66,15.39534,16.7,121.3,230.5,340.339726,249.156164,105.99999999999994,27.663,8,345,0,4.59123,0.04215,0.36353,1.2416,1.71032,0.48473,0.9,0.22117,950.1,16.9,0,3.25369,6.7079,329.2,0,0,1.16114,7.40669,348.9,860.079452,0,981.143189,31.7,28.5,8.621,335.539726,261.41096,199.3,520.6,0,16.4,348.1,18.17214,0,4.324,0.65363,21.1,62.9,447.835617,0,0,NA,1.88591,NA,19.99999999999999,5.41625,0,242.7,1730.621917,17324.594520547944,32.01206,0,0.74555,387.1,45.8,8.8,1.27746,73.4,13.476,19.4
66665.0989640411,13.57298,19.984,193.5,3.92931,24.3,1.4,2.88473,413,0,3.54298,737.958904,216.830138,0,20.4,36,8.268,0,466.471233,2.19694,4.009,4.45238,0.53578,25.1,0,6.3,1663,0.32117,7.34975,192,3.35866,15.1,2.06353,0.5827,3,24.6,1656,2.03112,1.67298,2.3389,145.473972,2327,196.3,0.42172,7.12268,20.52178,0.3,18.8,0,218.8,32.3,0,30.3,192.449315,10.7,0.37119,64.5,97.1,465,16.5,0.81917,0,0,2.48671,19.6,0.1,4.365178082191781,6.8,228.369862,291,0,8393,316.6,1827.490411,4.54697,6.21366,15.3,1.32424,0,0,282.28,2399.72,20,9.8,314.084932,3.6626301369863015,0.89252,9.8,12.67397,27.2,9.3,1.83178,4.35753,4.7,0,17.7,127.6,177.517808,13.460273,1169,651,1002,400,92.164383,178.975342,1868.432877,45.2,5304.553424,65.6,0,41.9,0.12172,NA,85.2,0,1.7,0,33,1.15379,3.83178,154.6,0,33.147946,6.87156,6.20998,3.54235,264.9,0.68471,3.23038,10.5,10.5,6.3,11.9,1591.315069,NA,0,15.7,0,0.12117,116.2,7,15.2,0.86131,4.00898,781.350685,67,7.71189,106.69863,13.3,4.38471,250.6,0.02043,72.98138,0,NA,199.375342,38.5,219.1,0,70.3,15.59534,16,121.8,234.9,280.109589,251.139725,106,27.67,8.54689,382.7,0,4.9,0.04215,0.36353,1.2416,1.6086,0.50911,0.9,0.42117,1108.1,17,0,2.91917,6.80793,363.2,0,0,1.16114,6.70646,375,1048.260274,0,1009.860274,35,25.5,10.464,335.731507,260.953424,204.3,540.6,0,18.09831,407.1,19.129,0,4.1258,0.65363,20.3,62.5,476.983563,0,0,NA,1.98591,NA,20,5.83178,0,242.9,1775.969863,16987.991780821918,31.5,0,0.74555,394.9,53.43111,8.6,1.37746,76.3,13.4,20.7
66991.2458030548,12.75473,17.92538,208.1,3.92931,25.5,1.4,2.88473,423.7,0,3.97386,720.6,233.668493,0,21.1,38.3,8.38471,0,498.498631,2.51193,4.7219,4,0.53578,25.5,0,7.3,1537,0.32117,10.53892,120.9,3.83239,15.69,2.36353,0.5827,3.2,24.7,1602.945206,1.99934,1.77298,2.3,153.019178,2431,204.8,0.40643,6.22371,21.5,0.208,20,0,204.4,32.6,0,24.9,194.365414,10.7,0.37119,61.6,103.2,456,19.2,0.81917,0,0,2.87875,16.4,0.1,3.979945205479452,5.6958,228.271232,241.999,0,8350,251.4,1941.736986,4.97934,6.21366,15.6,1.31824,0,2829.057534,0,0,20.1,10,316.342465,3.6191780821917807,0.89252,10.2,14.2,25.8,7.14392,1.83178,5.06442,4.6,0,17.5,132.8,163.438357,12.668493,1192,696,1075,263.3,98.578083,179.920549,1855.772603,47.3,5362.734245,62.2,0,36.8,0.123,NA,94.8,0,2,0,53.2,1.15379,2.19695,165.6,0,38.641095,6.79569,6.52172,4.5,282.6,0.68471,3.2308,11.4,8.7,6.6,12.1,1712.901369,NA,0,14.7,0,0.22117,118,6.92323,6.90516,0.86131,5.07866,780.28767,63.8,8.16614,104.047271,12.7,4.46127,257.8,0.02043,76.7,0,NA,189.479452,38.5,220.9,0,70,15.39534,14.7,113.2,235,271.430137,252.060274,106.00000000000004,28,9.94877,277.5,0,5,0.02043,0.48471,1.2416,1.51032,0.48473,0.9,0.44555,1158.9,15.7,0,3.30388,7.20822,376.7,0,0,1.16114,4.01319,402.4,1263.331507,0,1067.504109,34.1,36.5,9.76353,340.10685,274.419179,177.4,545.4,0,15,436.9,17.2,0,6.7568,0.668,21.5,68,466.156166,0,0,NA,1.98591,NA,20.000000000000007,6.33178,0,301.1,1802.567123,16713.312328767122,29.5,0,0.67,405.1,56,8.6,1.37746,78.8,11.3,23.7
67250.24722659563,7.13639,20.42626,210.5,4.02895,25.5,1.4,2.8845,445,43.4,4.37171,729.661203,228.909837,203,21.3,37.6,8.58448,375,506.620218,2.07583,5.2,3.13568,0.53568,26.3,35,8.4,1570,0.32112,7.09135,129.2,3.83169,16.52732,2.16336,0.68248,3.2,24.8,1650.224045,2.03076,1.67278,2.3,165.251367,2694,229.4,0.40614,5.8,24.3,0.3,25.18448,64.9,180.9,37.6,0,24.9,192.581967,10.8,0.371,65.1,118.4,444.9,21.9,0.81912,0,31.838797,2.68,23.5,0.1,3.9625,5.9,227.893442,241.001,56.45,0,0,1933.371584,4.0742,5.84224,16.1,1.31819,27,2841.4153,0,0,22.4,17.78666,323.068306,3.21912,0.91632,9.7,17.09836,31.2,7.4,1.93169,5.78169,5.4,0,18.3,151.6,163.557376,13.508196,1274,706,1084,340.8,100.855191,180.72951,1894.259564,50.8,5442.612021,73.1,403,41,0.12166,NA,120.5,32.1,2,53.969944,55.6,1.1515,2.29669,149.1,87.279781,39.748633,7,7.12166,4.5,302,0.68448,3.42431,12.4,9.5,22,14.4,1712.590163,NA,56.12112,13.3,0,0.22112,130.6,6.88448,7,0.86114,5.8613,792.557378,62.9,8.59505,109.448089,15.1,4.44863,265,0.02038,74.16706,19.4,NA,188.502732,39,226.7,0,72.2,15.29508,16.7,119.3,259.7,278.721312,278.887978,106.00000000000009,30,10.4,249.8,4424,5,0.02038,0.48448,1.24121,1.4,0.5845,0.8,0.44543,1228.9,19,0,3.28248,5.2055,412.9,0,33.226775,1.1607,3.70316,411.4,1526.745902,0,1103.989072,36.2,33.2,9.16336,370.887979,276.814208,183.2,557.1,19.5,16.5,475,14.71732,0,4.9,0.63893,21.8,72.1,491.964482,75,0,NA,1.98568,NA,19.999999999999993,6.63169,813,304.9,1814.680327,17032.47267759563,32.4,191.1,0.34024,413.8,61.20111,8.7,1.37699,84,13,21
67018.40402220548,7.13649,16.72158,206.2,3.92931,24.8,1.4,2.88473,469.8,24.7,4.5,761.013698,235.038355,194,20.5,40.5,8.36353,288.9,499.057536,2.07631,5.8,3.59331,0.53578,27.27512,22.8,8.2,1632,0.32117,9.26353,116.9,4.13178,16.4,2.46353,0.6827,3.2,20.6,1672.378083,1.93112,1.87298,1.1,179.487671,2993,240.7,0.40643,5.4,25.2,0.3,27.4,63.2,179.7,37.5,154.186302,28.5,198.967282,10.9,0.37119,59.2,111.4,451,22.3,0.81917,0,33.632877,3.31163,21.9,0.1,3.92166,6.3,213.934247,0,33.3,0,0,1878.799999,5.36356,5.84235,15.1,1.41824,15.64046,2908.449315,0,0,23.4,18.7869,332.741718,3.3,1.05981,11,22.663,33.5,7.8,2.13178,7.15287,4.3,0,18.1,157.9,160.739727,14.013699,1312,766,1108,408,104.065754,198.931507,1890.561645,51.9,5356.578081,71.6,341,42.1,0.12172,NA,130.5,19.4,2,52.007002,68.3,1.14,2.53178,160,75.699146,39.690411,7.7,7.32172,4.30681,336.5,0.8,3.42438,13.2,12.9,22.5,14.6,1811.30137,NA,40.6,12.7,0,0.22117,135,6.78471,8.6,0.86131,5.9,796.093152,62.9,8.5953,109.904109,15.1,4.64876,271.7,0.02043,71.66309,21.3,NA,194.835617,38.9,257.1,0,70.9,15.29534,17.7,125.6,285,293.361644,265.509589,106.00000000000004,31.5,13,248.1,3272,4.6,0.02043,0.6,1.2416,0.8,0.48473,0.9,0.44555,1260,19.6,0,3.3827,5.20571,445.8,64.490411,39.983562,1.16114,3.90319,401.6,1684.131507,0,1053.279452,41.2,31.3,9.54235,364.986302,263.052056,208.1,616.1,15.5,17.1,544.9,15.52496,0,3.52135,0.6393,21.3,73.8,565.430137,66.6,0,NA,1.88591,238.29641095890412,19.999999999999996,6.83178,570.2,309.8,1828.668494,17236.74794520548,35.4,177.8,0.34034,428,76.80111,8.7,1.31393,70,10.8,22.3
68446.23148497261,6.63649,13.21491,203.6,3.82931,24.5,1.4,3.08473,458.2,17.93169,5.01917,788.043836,233.164383,186,20.7,45.7,7.98471,240.6,551.698631,1.97631,6.1,3.49331,0.63578,30.4,19.6,8.2,1728,0.32117,10.48471,126.5,4.53178,18.9,2.56353,0.80388,3.2,22.8,1693.758904,2.23112,1.97298,1.2,195.868494,3193,245.8,0.40643,5.2,20.1,0.3,28.3,78.5,182.1,43.2,158.920549,29.1,211.406684,11.2,0.49237,68.1,119.1,474,25.1,0.81917,6.3,31.49863,3.51259,14.1,0.1,4.02166,6.4,222.950684,0,32.431,0,0,1865.934247,5.36356,4.62117,15.3,1.63649,7.48,2883.356163,0,0,25.8,18.8869,340.484932,3.31912,1.21598,11.4,32.86027,38.1,7.9,2.13178,7.15287,3.7,0,20.3,180.1,161.978082,15.83981,1414,778,1129,457.1,113.821917,211.89041,1869.224658,54.1,5620.567124,81.6,298.1,43.4,0.12172,NA,165.9,8.8,2.1,49.964688,76.5,1.25,2.53178,165.9,70.580821,39.797261,8.2,8.02172,4.6,378.9,1.68396,3.42438,14.2,12.8,22.5,14.7,1978.454794,NA,22.36353,13.1,0,0.22117,148.1,6.48471,8.4,0.86131,7,818.331507,65.3,8.2953,120.131507,16,4.74876,253,0.02043,70.36209,18,NA,200.117809,39.79315,283.3,0,80.9,14.99534,20.3,131.5,303,304.230137,270.912329,106.00000000000007,32.4,13.5,220.6,2660.9,4.7,0.02043,0.7,1.47338,0.8166,0.88187,0.9,0.54555,1278.1,23.4,0,3.3827,5.4,512,65.315068,43.230137,1.16114,3.90319,409.5,1839.81644,0,1116.438356,45.2,28.1,9.44235,390.241097,259.386301,223.6,658.9,12,15.4,603,16.9,0,4.1,0.86688,24,74.5,541.8,62.9,0,NA,1.88591,253.2977726027397,19.999999999999993,7.03178,495.3,317.4,1832.701371,17718.060273972602,33.8,173.4,0.34034,438.8,85.20111,8.7,1.31393,65.6,10.7,22.9
69870.46216257698,6.43649,14.8139,204.5,3.72931,26.4,1.5,3.28473,452.8,24.51617,5.6191700000000004,810.923288,233.158904,177.6,21.1,51.2,8.24931,228,550.334247,2.27631,6.6,3.57413,0.83578,33,19.2,8.2,1852,0.32117,10.88471,130.7,4.53178,18.32117,2.46353,0.78248,10.3,23.4,1733.213698,2.37939,1.97278,1.2,212.476712,3394,250.7,0.40614,5.2,20.47447,0.3,30.9,88.7,186.6,42.6,168.578083,28.6,222.715068,11.1,0.61324,71.6,123.1,489,31.4,0.81912,7.2,24.939725,3.51259,15.4,0.2,4.33125,7,206.158905,0,27.022,0,0,1915.016439,6.26356,4.82117,14,1.51824,8.04,2875.632878,0,0,26.6,18.8869,355.109471,3.31912,1.11095,11.7,24.4,41.3,7.8,2.13178,6.2,6.3,0,23.3,186,154.315069,14.467593,1574,784,1140,474,117.200001,227.791782,1942.098631,59.9,5656.235616,84.9,268.8,46.2,0.12172,NA,172.8,11.7,2.2,39.378083,82.6,1.25,2.53178,179.1,64.454794,37.495892,8.1869,8.42172,4.9,399.2,2.28471,3.42438,15.2,13,22.8,15.5,1827.328768,NA,22.02117,11.4,0,0.32117,141.5,7.08471,8.4,0.96131,7.2,827.323288,69.5,8.2953,125.358904,17.4,4.74876,282.3,0.02043,62.95604,18.5,NA,208.158905,41.9,299.1,0,85.2,15.0968,22.5,142.1,327,317.635617,290.30411,106.00000000000001,34.5,13.3,244.1,2782.3,4.8,0.02043,0.6,1.47338,0.5166,0.98187,0.9,0.54555,1254.4,25.3,0,3.50388,5.70596,492,64.643837,47.59726,1.16114,3.90319,421.5,2007.739726,0,1186.731506,47.5,26.4,9.74235,388.290412,262.961645,225.5,736.8,13,15,678.7,19.9,0,4.1,0.78806,21.7,70.6,608.276711,63,0.0889397550684931,NA,1.98591,249.95131232876713,19.999999999999993,6.93178,484,315.8,1816.167124,17724.591780821916,30.5,183.8,0.34034,448.8,95.00111,8.8,1.47746,73,10.8,24.4
71936.77911172775,5.92087,11.61284,198.2,3.72895,24.8,1.5,3.2845,478.7,28.47393,3.71912,831.366119,253.77868900000001,132.7,20,52.6,8.052,205.3,591.172131,1.89988,7.2,3.67393,0.83568,34.8,18.4,8.2,1974,0.42112,12.6,118.3,4.73169,19.42112,2.56336,0.9036,11.3,22.5,1788.612021,2.37939,2.07278,1.2,231.63388,3797,279,0.40614,5.1,21.37734,0.3,29.7,77.2,192,41.9,173.346996,30,234.953552,11.1,0.61324,77.7,129.2,535,30.6,0.81912,7.3,26.904371,3.51255,11.6,0.12112,4.34333,7.2,206.486339,0,49.23,0,0,1942.915301,6.16338,4.72112,15,1.51819,14.5,2922.352459,0,0,27.1,18.88666,367.871967,3.51912,1.196,11.6,21.58851,43.9,7.8,2.03169,6.8,7.4,0,25.4,183,145.142076,15.997268,1681,857,1119,469,121.603826,221.073771,1920.415301,62.7,5694.75683,92.1,245.8,48.4,0.12166,NA,188.8,12.3,2.4,41.001921,85.8,1.25,2.63169,187,67.631693,38.759563,9.4,8.42166,4.9,436.2,2.3,3.62431,16,13,23,16,1824.229507,NA,19.6,11.8,0,0.32112,138.1,7.08448,8.9,0.96114,9.1,843.846996,68.5,8.69505,125.087432,18.5,4.84863,285.2,0.02038,47.83099,23.4,NA,219.008197,46.28797,326.8,0,72.7,15.09654,19.27886,154.4,346,361.4153,280.571038,106.00000000000004,39.8,13.3,256.4,2695.5,4.8,0.02038,0.7,1.47291,0.51655,0.88139,0.9,0.54543,1332.7,25.3,0,3.5036,5.60594,585.6,68.16779,55.814208,1.1607,3.90319,427.6,2100.953552,0,1198.773224,54,26.4,9.5,413.161201,266.765067,230.4,779.8,15.1,15.1,749.7,22.4,0,4.1,0.88756,20.4,72.5,633.663935,61.7,0.0889397550684931,NA,1.98568,253.37696721311477,20,7.03169,392.2,306.1,1851.628416,18309.079234972676,34.3,143.2,0.34024,442.3,116.2,8.9,1.47699,73.4,11.2,27.9
73146.8399334959,5.60002,12.41172,199.5,3.82931,29.8,1.5,3.38473,477.8,29.77413,6.01917,847.764384,253.70685,129.2,19.6,56.6,9.2,185.9,606.473973,3.21746,7.83178,3.67413,0.85284,36.8,18.5,9.33649,2107,0.42117,12.57884,106.5,7.73178,24.92117,2.56353,0.90388,13.3,23.5,1870.235619,2.37988,2.07298,1.3,244.838356,3636.5,286.5,0.40643,5,21,0.3,31.3,80.6,199.6,42.7,168.942465,27.9,226.616437,11.2,0.61355,84.4,134.8,561,32,0.91917,7.34096,26.676713,3.51259,11.6,0.22117,4.34333,7.2,206.723287,0,67.419,0,0,1962.276713,6.26356,4.82117,16,1.51824,15.5,2917.254795,0,0,25.9,18.8869,374.35544,3.61912,1.59139,11.9,24.67419,48.2,7.9,2.13178,7.25753,9.47315,0,25.7,184.7,148.841095,15.753424,1766,942,1221,443.2,134.49041,230.024657,1933.761644,65.8,5656.317808,88.8,216.4,43.9,0.12172,NA,212.8,10.20308,2.7,36.240488,97.98471,1.25,2.63178,198.8,67.665753,40.679452,9.7,8.52172,4.9,468.7,1.9869,3.62438,17.1,13.2,23.1,16.2,1863.147945,NA,18.4,7.91917,0,0.32117,146.3,7.28471,9.4,0.96131,11.1,875.824658,73,8.6953,128.575342,19.5,4.84876,276.7,0.02043,40.23096,21,NA,220.276712,48.28054,332.7,3.1,76.5,15.49686,20.6,157,364.2,391.252056,298.175342,106.00000000000007,40.31824,13.3,270.1,2593.8,4.8,0.02043,0.7,1.47338,0.3,1.03777,0.9,0.54555,1382.6,23.5,0,3.71917,5.90607,630.7,73.69589,54.819178,1.16114,3.90319,439.7,2254.972603,0,1266.302145,60.7,27.2,9.9096,393.953425,265.25356,240.9,775.2,16.6,15.2,781.5,22,0,4.3,0.93042,22.4,77.9,630.583562,65.7,0.0889395506849315,NA,1.98591,262.20907123287674,20,7.23178,373.2,316.8,1810.049315,18620.320547945204,36.94676,141,0.34034,455.1,127.9,9,1.47746,78.1,11.2,30.6
73985.50709051506,5.40002,15.1,206.9,3.82931,25.4,1.5,3.38473,492.2,32.17413,6.01917,852.457534,265.580824,147.3,22.2,57.8,9.44235,170.8,616.939726,3.19402,8.5,3.67413,0.93623,40.8,20.8,9.45821,2181,0.42117,12.28471,102.72117,7.13178,29.54235,2.66353,0.90388,16,23.4,1864.230138,2.37988,2.07298,1.3,254.920548,4118,289,0.50643,5,19.9,0.3,35.34235,89.84235,193.6,45.9,174.909589,26.9,222.846576,11.2,0.61355,86.6,137.9,589,37.5,0.91917,7.83178,26.561644,3.51259,17.19534,0.12117,4.34345,7,214.041096,0,63.441,0,0,2040.2109599999999,6.26356,4.82117,15.4,1.61824,15.8,2922.830136,0,0,26.7,21.8,391.756939,3.61917,1.35492,11.9,20.2,58,8,2.13178,9.35753,8.9,0,29.3,192,155.50411,16.134247,1758,904,1218,447,149.60274,227.654795,1943.013698,66.6,5465.936986,95.3,196.7,51.1,0.12172,NA,238.4,14.00428,2.7,34.959435,99.58471,1.2,2.73178,187.6,75.457535,42.495813,10.4,8.52172,4.9,450.1,2.1869,3.72438,18,13.1,23.2,16.3,1983.660274,NA,15.4,8.42172,0,0.32117,144.2,7.6,10.1,0.96131,14.3,882.194521,73.9,8.6953,129.372069,22.4,4.84876,259.6,0.02043,35.26132,22.3,NA,221.397261,49.76353,346.9,5.2,85.1,14.89674,23.8,158.7,382,403.808219,325.978081,106.00000000000004,41.5,17.1,249.5,2463.1,4.8,0.02043,0.7,1.47338,0.4,1.13366,0.9,0.54555,1438.5,25.2,0,3.71917,5.90611,668.1,74.558857,52.131508,1.16114,3.90319,451,1916.564383,0,1356.150355,61.5,27.3,9.88493,401.180822,275.002425,247,808,19,15.5,737,24.7,0,4.3,0.94571,21.8,81.1,629.068494,58.2,0.0978343232876713,NA,1.98591,264.0003123287671,19.999999999999996,8.2498,365.2,323.2,1792.336986,18917.178082191782,44,147.4,0.34034,456.8,135.4,9,1.47746,84.9,11.9,30.6
75636.49877061343,5.400027397260274,9.208099594520547,197.7,3.8293150684931505,31.3,1.5,3.384739726027397,497.3,4.431780821917808,6.019178082191781,874.857535,252.106849,150,24.5,66.6,9.742356164383562,157.86353424657534,597.991781,3.294027397260274,3.8,3.6741369863013698,0.9362465753424658,43.8,21.3,9.458219178082192,2223,0.4211780821917808,13.442356164383561,97.1,7.1317808219178085,36.62117808219178,2.6635342465753427,0.9038904109589041,16.6,21.6,1945.947945,2.3798904109589043,2.072986301369863,1.3,261.284932,4359,277.9,0.5064383561643836,4.2,20.533724712328766,0.3,38.8,90.62117808219178,162.6,48.8,174.443486,30,220.252056,11.2,0.6135616438356165,99.7,129.2,581.6,38.3,0.9191780821917808,8.131780821917808,24.789042,3.512592401137245,21.631780821917808,0.1211780821917808,4.34345205479452,7.6,214.063014,0,57.569,0,0,2033.915067,6.263561643835616,4.821178082191781,18.3,1.6182465753424657,25.9,2835.786301,0,0,31.1,18.98690410958904,383.963623,3.6191780821917807,1.3549315068493153,11.9,22.3,58.7,8,2.131780821917808,11.157534246575343,10,0,30.9,289,148.983562,16.213699,1960,965,1093.7,451,168.986301,234.887671,1890.819178,68.3,5600.008219,96.1,146.7,51.6,0.1217260273972603,NA,285.7,11.605126991780821,2.7,32.943379,104.08471232876713,1.2,2.731780821917808,177.6,60.556164,45.309588,11,8.52172602739726,4.9,453,2.186904109589041,3.7243835616438354,20,13.1,23.2,16.3,1976.350687,NA,8.6,8.72172602739726,0,0.3211780821917808,157.5,7.9,14.8,0.9613150684931507,15.3,896.701371,72.3,8.6953150684931515,131.046575,23.8,4.848767123287671,252,0.0204383561643836,77.56377072876712,20,NA,221.597259,53.76353424657534,350.3,5.7,52.7,14.89674837260274,28.263534246575343,167.3,370,420.208219,336.852055,105.99999999999993,59.2,17.1,209.8,2537.3,4.8,0.0204383561643836,0.7,1.4733972602739727,0.4,1.1336712328767125,0.9,0.54556164383561645,1500.2,27.8,0,3.719178082191781,5.906110520547945,710,69.80654266708704,52.454794,1.1611506849315067,3.903192,465,2083.786302,0,1396.161643,65.5,29.3,9.884931506849314,392.331507,277.817275,255,851.9,28.6,16.2,730.9,21.9,0,6.7,0.9457260273972602,23.5,79.1,626.626456,53.9,0.0978343232876713,NA,1.985917808219178,272.47135616438356,20,8.249808219178082,373.1,324.3,1811.331507,19519.30410958904,48,142.2,0.3403561643835616,460.6,159.1,9,1.4774794520547945,61,11.2,30.6
77067.25025896699,3.8812459016393435,21.872560655737708,224.2703945355191,3.744098360655734,38.70139234972673,1.48792349726776,3.5205191256830575,556.3542983606557,7.5777595628415355,6.997852459016395,872.428962,250.448089,127.40268415300548,31.663306010928963,68.33431038251362,10.66644784699453,159.5071650273224,612.24317,3.5697315081967216,10.974672131147539,3.9079234972677566,1.081010928961749,42.08907650273229,23.09218579234973,12.405846994535526,2200.3180573770487,0.7190958904109588,12.939792349726783,89.01895409836062,6.57365846994535,38.89447540983602,2.210245901639343,2.2287131147540973,14.404480874316947,22.70502841530055,1926.713114,3.427896174863385,2.233797814207649,1.6912295081967212,239.625684,4688.535,281.31936830601126,0.7092622950819671,4.47626448087432,7.971775956284153,0.4040983606557377,37.92925792349732,84.71214098360655,157.95809398907096,50.89546120218585,169.81694,29.24401967213114,210.000001,5.844371584699454,0.7529207650273219,138.16191803278687,139.8235398907103,558.2795486338791,37.75680546448086,1.9704288411748636,4.161038251366117,21.314207,4.656019700546445,23.17426229508201,0.1871038251366117,4.747093415300546,10.055172371584701,212.683061,0,62.477019672131156,0,0,2000.571037,3.70064836065574,5.246642667431694,13.142709289617475,2.101557377049181,15.895843715847,2766.751366,0,0,36.51708852459018,52.696284153005465,399.640098,3.9541336612021847,1.4894312732240438,13.6447131147541,22.24944262295082,61.62145792349726,10.494863387978146,1.5814983606557382,10.958157483606556,10.212213114754094,0,28.483579234972662,260.15821658590215,143.256832,16.494536,2178.3368032786884,1183.8457103825133,1300.8324043715847,432.931693989071,172.729508,252.412568,1849.849726,65.97946885245901,5468.560109,101.42353879781429,165.70582950819676,62.49019999999995,0.23931010928961724,NA,218.06978142076503,9.475732240437157,7.026615844262292,28.314112,93.23363387978137,2.766336065573769,3.0802459016393406,255.15850382513676,48.284154,48.730994,10.79241176753617,13.03146830434426,5.256912568306012,467.90358797814145,4.643524590163931,6.1166120218579225,28.597486338797854,15.200184893989062,8.030744398907109,20.608989071038256,2062.4153,NA,9.556693989071047,9.45677595628415,0,0.1958743169398907,151.07737377049185,10.64647540983606,13.32461748633879,0.720459016393443,14.908715846994546,911.953552,85.00318907103824,10.637663934426232,133.822405,24.17490163934426,3.7954644808743176,227.3540688524587,0.04679125683060113,20.36322404371585,18.649207650273215,NA,209.245902,63.63484900546455,377.44994098360644,7.062923497267765,87.78633224043718,17.85923973961747,22.984409836065588,166.0486928961749,354.1244939890713,411.234973,332.704919,201.3548360655737,50.63740983606562,14.894008196721304,212.48165792349727,2564.043273814207,3.745251312021861,0.0851912568306011,1.2905710382513664,2.5055066475409826,0.4571857923497272,1.0770866120218576,1.1652841530054645,0.43393442622950906,1568.9458797814204,31.59930273224041,0,6.020389890710387,2.792972267759559,718.0273424808738,66.765028,50.161202,1.2386885245901644,4.823817486338801,457.9260896174869,2135.330601,0,1433.527322,78.94732786885241,45.271531147540955,9.992239344262305,361.663935,270.410355,237.49585573770491,867.7665830440418,3.940643715846991,17.06286885245902,739.5895374918381,25.918032786885252,0,6.4826229508196755,0.7387756830601092,34.060372677595616,85.84828743169398,666.882515,93.80924043715854,0.46268306010929,NA,2.0082513661202146,289.6855382513661,66.08131147540988,9.622149364754097,259.80271038251357,427.1428415300543,1765.439891,19701.005464480873,43.174880874316955,141.17605136612022,0.6190163934426235,482.648715846995,165.38243169398916,8.978661202185796,1.6975409836065574,101.31571147540984,10.718783606557375,22.058879781420803
77786.79982359889,3.860493150684933,23.166780273972577,228.37250849315078,3.754356164383566,43.5847583561644,1.53287671232877,3.530164383561645,522.6880339726029,7.444575342465767,7.2569315068493205,871.528766,267.033408,85.16927232876715,32.35953424657534,81.68286246575342,10.798558498630134,154.8721797260274,620.378081,3.7242333095890383,12.50087671232876,3.9624109589041048,1.1720821917808222,38.91616986301372,22.793753424657535,13.635561643835619,2186.1077315068496,0.7374904109589038,12.964252054794517,93.97004821917805,7.513553424657537,31.510987397260298,1.7044383561643848,2.508549041095887,15.361863013698633,22.212140273972608,1944.079451,3.482383561643838,2.3288219178082197,1.628027397260274,233.441095,4814.297,273.6960186301369,0.74186301369863,5.726790136986303,7.0719178082191805,0.3886301369863015,38.09844602739723,86.59505095890418,150.2301589041095,51.41290849315075,179.119907,28.32172931506846,213.410959,5.837013698630133,0.8404082191780827,133.06398465753423,154.59898630136982,557.2962213698625,39.00035178082196,2.313613788246578,4.567917808219177,24.208219,4.6161322230136985,24.219452054794555,0.2080547945205474,5.270972821917809,10.474655120547947,214.123288,0,81.93628712328761,0,0,2054.435616,4.132500273972605,5.856715749479444,14.286390136986316,2.286904109589041,12.899500273972603,2807.460273,0,0,36.76183780821911,58.102986301369825,406.086378,3.699268273972602,1.5530420356164383,14.35378356164383,31.12506150318238,65.13661698630129,11.024246575342476,1.614781095890411,10.737874879452047,11.225479452054788,0,33.5045205479452,252.19111734642868,137.868492,15.832972,2171.9955342465764,1189.3284109589044,1367.8334520547946,448.9361369863013,181.457533,233.682192,1834.542465,67.4818542465754,5366.071233,97.77185643835605,157.7864635616439,58.42102027397265,0.20500054794520545,NA,245.28961643835615,8.690725479452048,7.5991486630137,31.7863,100.22786301369861,2.7950931506849312,3.3057064876712374,255.71659616438356,53.147946,51.452055,11.009094491255283,12.680956358958902,4.8348448200000025,493.24818958904126,3.9126027397260277,6.20895890410959,31.388657534246548,15.261206787945207,8.37082375342466,20.51350684931507,2036.772603,NA,10.555342465753421,9.615095890410956,0,0.1964109589041095,150.95736876712337,11.309780821917814,16.300438356164385,0.6507671232876715,15.257863013698632,943.282192,87.5743736986302,10.270427397260281,134.882191,25.63999013698629,3.6427945205479424,286.82189150684906,0.04814643353424658,22.51001534246575,15.424547945205479,NA,222.104109,71.66070698082189,365.4617216438356,10.264468493150687,94.18971068493151,21.206277672054775,23.65662575342467,155.02250739726014,347.7792832876712,404.68767,333.873972,213.8641589041096,63.412875616438356,14.889978082191783,233.59287650273225,2601.4340009315074,3.739300450958901,0.0848676712328767,1.3493041095890406,2.755016522904106,0.4584383561643839,1.2838484931506848,1.2186739726027398,0.4295863013698636,1607.4497594520553,34.58124493150686,0,6.491224931506845,3.57556019178082,764.9039977863013,71.673973,52.065754,1.2654520547945205,4.964449347945203,458.241100273972,2132.041098,0,1492.489687,77.02526684931506,48.28820054794522,9.738791875945216,368.758904,276.367123,241.1705030136987,906.1060672882913,5.635768767123291,19.068383561643838,739.1102038287233,26.46301369863009,0,5.760630136986298,0.6688761643835617,32.6495682191781,88.21712767123294,618.680913,94.46518356164381,0.492564383561644,NA,2.013753424657539,336.6879178082192,91.69868493150689,9.886448951178082,295.33733041095917,514.9270542465753,1746.986301,19648.657534246577,42.23022136986298,138.2413355191257,0.6877226082191783,529.6188767123288,182.5828219178082,9.003260273972606,1.7021917808219187,109.48473643835614,11.279935342465754,21.832602739726035
78616.56555237235,3.270939726027391,26.88155506849314,247.64047013698624,3.817315068493155,45.35358027397257,1.53287671232877,3.7824109589041064,469.58510465753426,7.082219178082193,7.505375342465758,892.421918,273.380821,82.7480241095891,35.16517808219181,81.4799978082193,10.94910817534247,159.56980712328766,620.767124,3.5210040547945223,14.453972602739722,4.17945205479452,1.2180712328767127,40.581968219178044,22.10591780821918,14.013534246575341,2172.0403041095888,0.7812986301369867,13.444435068493151,95.5829775342466,7.787838356164382,31.561146301369813,1.5468066876712323,2.6987561643835645,15.304821917808225,23.33201095890413,2040.084932,3.610876712328765,2.3288219178082197,1.60758904109589,239.649316,5211.508,271.9993610958904,0.74186301369863,4.639489315068497,7.994931506849321,0.2119693150684931,39.48578958904118,90.28658630136995,152.14746630136986,50.93058082191778,176.154339,29.54346958904114,197.164384,5.85361643835616,0.7596589041095888,139.15619945205484,156.66363506849316,562.1585556164385,40.32082849315065,2.9920659952054796,4.174602739726027,25.065754,4.6024796547945215,25.13175342465749,0.2292328767123282,5.061600109589038,8.424330131506846,220.421918,0,83.81768657534244,0,0,1991.495889,3.6082082191780858,6.1050037561643755,13.947401643835619,2.2966849315068534,12.698829589041097,2710.399999,0,0,38.70647232876711,64.15071232876711,408.767269,3.4540080000000017,1.597369202739726,14.69345479452055,21.657,65.96505753424657,11.435972602739724,1.6493479452054793,10.819285586301365,12.712794520547947,0,35.27087671232877,263.1903918738694,140.394521,16.09315,2256.1779726027394,1202.9974246575355,1369.1250684931508,463.5266301369859,177.646577,246.860274,1870.131506,67.12340712328766,5274.054794,102.37983671232871,170.64860164383566,56.02761972602743,0.299706394520548,NA,276.30342465753426,10.195475119534613,7.78920598630137,32.197261,100.03536986301368,2.854791780821919,3.2640609682191752,263.5980668493151,52.742466,52.320548,11.906188203670197,9.212340609616446,4.564453596438357,500.2278564383556,4.674109589041091,6.298356164383558,30.66005479452059,15.81631548054794,9.061122219178088,19.99427397260273,1952.832877,NA,11.974438356164377,10.359753424657528,0,0.2810958904109588,153.9910136986302,10.208657534246576,14.332328767123283,0.6107945205479453,15.138520547945193,972.249315,84.84916164383569,11.45842465753425,140.384093,25.490467945205463,3.8171232876712273,292.19626958904104,0.0464020547945205,22.573004931506894,17.610630136986284,NA,219.997261,81.21777810410953,362.4653106849317,8.981495890410947,89.44552438356166,22.534522452054784,25.033501369862982,154.5791594520549,334.28033863013684,406.432876,343.161645,212.04521369863014,92.07486027397259,15.284767123287665,226.28448109589053,2576.3257458520548,3.735215976438354,0.0885767123287671,1.4566054794520542,2.452114972219177,0.4993150684931509,1.3965249315068498,1.2393698630136987,0.48010136986301344,1657.0254032876708,33.67693698630134,0,5.679953150684933,3.579593424657534,758.7692906958896,80.071233,50.545205,1.2654520547945205,5.36402290410959,475.4420767123282,2149.153426,0,1504.616799,80.48728767123292,58.580882191780844,11.165307397260275,373.167125,263.290411,246.34387178082193,918.4116563699658,6.602073424657531,21.90580821917809,835.4979841819596,27.441095890410953,0,6.361890410958905,0.7278150684931504,35.85256328767128,86.96150794520553,657.726027,106.76637479452044,0.655907726027397,NA,2.013753424657539,491.9013698630137,93.2443150684932,9.998090995726033,303.4758805479452,490.7937698630142,1738.638356,19761.254794520548,33.326492054794535,137.03524043715854,0.6669441863013701,536.294931506849,207.33134246575344,9.156712328767124,1.7021917808219187,111.29364602739716,11.939433424657526,19.531315068493175
80244.20034731644,4.705284931506853,27.304556712328715,252.553053150685,3.817315068493155,50.68749698630144,1.53287671232877,3.9684931506849326,496.42834520547945,7.3749863013698675,8.32563287671232,925.624658,288.50137,93.64419506849316,41.38808219178079,85.10109808219184,11.059451315068495,163.698898630137,650.769863,3.5737322630136963,16.80156164383562,4.1527397260273995,1.3438328767123289,43.308620273972586,20.904904109589037,14.968876712328761,2115.3048438356163,0.8360657534246576,13.836033972602738,101.03185424657534,8.54285753424658,36.35636273972602,1.237259567123288,2.6639205479452066,16.539644808743176,24.52349698630137,2154.605479,3.6586301369862997,2.207260273972603,1.587693150684931,248.501369,5786.183,266.730309041096,0.9494849315068502,5.988074520547938,9.379013698630132,0.19571369863013713,40.83559890410959,99.24875835616439,156.08800876712323,54.85381479452054,187.817353,23.1522904109589,188.271232,6.07087671232877,0.8687999999999998,119.43675726027396,163.80477041095887,574.3807682191784,42.769960547945196,3.6754857068493187,5.008630136986306,24.553425,4.633450854794519,26.767424657534225,0.2496712328767122,5.072779753424657,10.074025126356176,224.994521,0,84.66936219178088,0,0,2000.860275,4.505378082191785,6.5443695068493195,13.503809315068496,2.2966849315068534,12.749532054794516,2679.221917,0,0,39.14055123287671,73.6981369863014,428.995696,3.88251430136986,1.6898368712328764,14.732526027397267,18.15016977085897,67.0555901369863,11.963232876712325,1.921870136986301,11.128771375342474,11.54638356164383,0,38.781671232876704,267.22964192642337,135.221918,16.134248,2355.9148219178073,1231.3243013698636,1413.7976164383551,381.5918082191776,176.230137,254.583561,1859.654794,70.09861589041095,5384.912328,105.51912986301379,175.750290410959,50.05633315068493,0.31285324383561647,NA,291.14917808219207,10.167618630136992,8.319568895890411,33.09863,100.49131506849322,2.851436986301371,3.576742322465751,273.0412569863014,50.150685,56.065753,12.295795847333508,12.198025360986302,5.009540090136982,496.90485260273954,4.041095890410962,6.347999999999996,35.54175342465756,15.578071246027399,9.36110945205479,20.378246575342477,1951.830137,NA,13.100794520547947,11.244958904109598,0,0.2810958904109588,158.73719671232877,12.852054794520539,15.118821917808221,0.5465863013698635,15.672410958904123,994.975342,84.22556493150687,12.614712328767123,145.74173,26.905920000000005,4.285616438356172,280.22463890410955,0.04338810958904106,21.986090958904068,16.869945205479453,NA,229.972603,77.72368398904109,301.74325589041075,9.750780821917813,93.41197260273972,25.634915614630156,26.001570410958912,152.63692273972583,331.62084712328726,430.613698,325.983562,217.8092520547946,88.19697643835612,15.526268493150686,219.6053621917808,2589.5849902465743,3.6903575780821902,0.0873194520547945,1.459783561643835,2.7477756225205523,0.5635616438356165,1.450530958904109,1.2816493150684927,0.5343726027397259,1700.0134410958904,33.328922739726075,0,5.625340000000007,3.7088915342465745,773.8260427397264,74.939726,51.263014,1.3092602739726027,5.36402290410959,490.2105994520549,2175.383562,0,1542.628179,80.26365917808211,61.699157260273964,9.613256986301376,370.268493,265.819179,233.79446575342484,961.5328427281479,5.883635068493146,23.383397260273995,913.9162374291367,19.61917808219178,1.1472465753424665,8.04079452054795,0.8799917808219181,45.8342717808219,87.34604931506847,644.972603,110.72129424657535,0.674465753424658,NA,2.013753424657539,578.2876712328767,108.77621095890412,10.492881077863013,315.71583780821874,486.7135682191777,1759.364383,20033.64383561644,35.86541369863015,142.44037814207647,0.784422473972602,504.4244657534239,222.87613698630145,9.156712328767124,1.7021917808219187,126.87330410958911,12.622072328767114,15.86849315068493
83434.61105337444,4.331092896174859,30.439071038251406,262.6047125683059,3.80688524590164,54.2014546448087,1.54907103825137,4.101448087431691,549.1935453551913,7.6748087431694,8.64056830601093,941.174863,294.980875,106.77201857923501,46.55573770491801,76.38864918032779,11.095117125683059,161.91914426229513,660.904371,3.330768989071043,17.595655737704927,4.2721311475409856,1.4070166666666666,47.85966010928966,24.318306010928936,14.176475409836065,2191.307868852459,0.8774699453551909,13.825199999999992,102.93810491803283,7.623174863387984,37.111569398907086,1.5014219382513656,2.8950382513661226,17.021885245901647,24.53316612021858,2232.737705,3.448852459016392,2.19103825136612,1.6690928961748643,263.420765,6802.69,281.83089836065545,1.0345355191256838,6.499096174863383,10.300573770491804,0.32484863387978163,40.49966448087439,93.8301071038251,157.73626994535522,49.4995092896175,206.097069,28.19339672131143,185.333333,5.887540983606557,0.9999508196721312,112.1067169398908,179.29175846994536,635.661671038251,42.86692786885234,4.185038248633877,5.414836065573771,25.40164,4.590121193989074,28.268087431694013,0.2701092896174866,5.158085846994536,13.950048065846993,221.379781,0,85.07920546448089,0,0,2007.213115,4.412371584699455,6.38300288021858,13.729991256830601,2.4078688524590164,12.965725683060114,2648.038251,0,0,43.43944262295078,70.19136612021859,419.995075,3.656538945355195,1.6364839316939888,14.326489071038248,20.8367131147541,62.3999147540983,12.354972677595631,1.9855038251366128,10.891211519125681,13.552540983606553,0,42.840683060109285,305.6199726501017,136.185793,16.871585,2476.343469945356,1351.418087431694,1490.0032786885247,461.1996448087429,183.74043699999999,248.275956,1828.923498,68.38988415300535,5277.062842,103.01269617486341,185.99143060109284,56.03251256830597,0.3350623530054644,NA,297.71450819672134,11.027755191256823,8.496368980874328,34.204919,101.2753005464481,3.0009445355191255,3.88156184590164,261.0557628415301,54.549181,63.253658,14.706690339210226,13.328017021666664,5.289261028961751,527.9630212240443,5.338554644808739,6.553415300546457,37.18841530054642,15.559053895081966,10.0932274863388,21.38745901639345,2020.286885,NA,14.234398907103824,12.288060109289612,0,0.280327868852459,184.01000546448086,10.967978142076507,15.493333333333332,0.5109098360655736,15.137513661202187,1019.448088,87.32260327868848,12.156726775956292,150.273224,28.04474644808744,4.5690163934426185,280.1879781420762,0.04339877049180329,22.10953551912572,17.201256830601082,NA,217.412568,72.29761691803266,330.4530830601097,15.948590163934426,90.79745901639336,29.773717921967222,26.080742076502705,169.92124918032783,334.3432852459019,454.136613,327.959017,222.76292076502736,81.5723715846995,17.20223497267759,224.02327978142074,2583.508376306011,3.7065562896174797,0.0565822404371584,1.6141311475409836,2.705728904371582,0.541639344262295,1.5817483606557385,1.285715846994536,0.6130710382513656,1852.032615792351,35.62371038251369,0,7.908619125683064,3.914942076502732,822.1597431693996,74.57377,52.431694,1.3110382513661205,5.353006448087435,503.9100179834964,2155.120218,0,1571.437158,84.77161639344263,68.67999890710384,11.213590491803274,368.393443,264.721311,264.40594207650275,983.5708822178926,6.9613781420765,29.661639344262333,1006.7859372306422,21.55464480874317,1.2402185792349723,7.977240437158468,0.8087179781420761,43.260121311475416,90.57729836065567,661.371585,114.2741825136612,0.693005464480874,NA,2.0082513661202146,643.8360655737705,110.89677049180334,11.040167584153004,314.5500273224043,504.246042622951,1789.248635,20731.122950819674,44.710309289617506,131.74160655737694,0.6295724754098363,568.8164207650274,257.36655737704905,9.131693989071039,1.6975409836065574,133.9887256830601,13.245100546448096,13.300000000000002
84647.20416750053,6.529397260273979,30.58374356164382,264.0822509589043,4.065698630136983,42.130644383561595,1.55331506849315,4.173095890410958,561.6110871232873,8.97408219178082,9.353326027397253,960.520549,297.48493,109.77387068493154,56.26178082191775,78.32198136986302,11.277248372602743,151.44364602739728,659.775343,3.6045147123287706,16.472739726027395,4.509106849315066,1.5135860273972601,47.09427506849318,23.10953424657532,14.686520547945204,2240.895279452054,0.9043999999999996,13.864603835616434,109.70246027397258,8.091972602739723,36.24701589041091,1.2321215835616437,4.4993315068493205,19.213917808219175,23.84051726027397,2316.468493,3.55958904109589,2.249912328767124,1.801802739726027,272.345206,6970.258,273.7817391780822,0.9964931506849322,7.327894794520554,12.816465753424659,0.5225657534246575,43.5365304109589,96.47080328767112,156.43740931506846,54.62517808219178,213.118338,35.588098630137,183.463013,5.585671232876706,0.9852328767123293,120.5696756164383,193.87443506849323,647.1765895890414,43.39599561643843,4.450272805479446,5.421616438356161,26.145206,4.586903389041097,32.9077808219178,0.2708493150684931,5.030087808219178,11.798384010958904,220.843836,0,86.08700273972607,0,0,1988.901369,4.309868493150682,6.6846093205479455,15.51622904109588,2.4327123287671264,16.74880328767124,2624.068492,0,0,43.77411945205473,78.76493150684938,423.17824,4.552203131506847,1.725566638356164,14.277298630136988,25.17399153424658,64.67850630136982,12.834876712328766,2.018672876712328,9.932729101369853,14.27271232876712,0,42.86605479452053,286.96188745412246,154.758904,17.126027,2465.435232876712,1371.6273972602737,1558.4218630136993,489.079260273973,197.594521,233.435616,1780.569863,70.6753413698631,5298.046576,112.03019197479448,201.52568219178082,62.67850849315067,0.43739506849315113,NA,332.1441369863007,13.981081643835617,9.206527199999993,35.936986,96.48679452054796,2.995390410958903,4.5515658082191806,275.5820416438354,58.895891,65.121078,14.544787455845615,12.833428593424657,4.678956835890412,520.4215096986301,4.858928767123288,6.7469589041095865,31.971013698630138,15.29775429479452,10.424369863013697,22.681232876712322,2068.613699,NA,14.42234958904109,12.040493150684926,0,0.2810958904109588,199.05505534246566,11.012876712328769,16.660164383561636,0.5007890410958906,15.798000000000002,1046.221917,90.81081315068498,13.89625753424658,152.761645,27.656869041095884,4.263671232876712,309.57034630137,0.04494538369863019,18.61871123287671,17.650301369863012,NA,221.602739,80.32555129863015,340.2751736986303,20.015517808219172,91.40865753424656,28.543923833972606,24.250271780821915,167.75477260273962,312.8729424657534,471.022448,336.920548,215.21369863013697,96.01848328767127,16.39482465753424,224.55977095890412,2619.7437039452057,3.6905379479452,0.0715457534246576,1.4741205479452077,2.7893648482191775,0.5635616438356165,1.5966383561643844,1.3264684931506845,0.6600410958904109,1936.5135999999998,36.99086246575338,0,7.154697534246581,3.354346027397258,856.4292361643829,79.16862938587643,53.682192,1.3146301369863023,5.41691879452055,506.1169578082193,2191.336986,0,1607.257534,87.80085698630141,80.145841095890475,11.294730082191787,362.575343,266.632875,333.3829380821915,987.4366861699665,6.029953972602741,30.20821917808215,1001.9096557456711,20.81917808219178,1.2479616438356167,7.82191780821918,0.8613797260273971,50.124522739725975,93.07371835616435,659.334248,116.35891835616434,0.817534246575342,NA,2.013753424657539,NA,108.74794520547945,13.748356700273968,320.0823923287679,524.5779145205474,1819.043835,20802.16112328767,44.74779945205484,105.44385464480864,0.6313053791780823,641.6924383561646,264.1734794520546,9.091452054794521,1.7021917808219187,141.29956712328763,13.759476164383553,14.327260273972602
85801.98397329771,8.322821917808216,28.52933589041099,267.67475835616386,4.14,56.78680767123286,1.55331506849315,4.309123287671231,619.310108493151,8.414602739726021,9.337304109589041,970.216439,301.112328,101.67831780821908,61.37131506849311,78.69343232876709,11.292675934246574,173.9336668493151,646.931507,3.7848845808219234,22.822794520547966,5.096361643835613,1.5720287671232875,50.54314082191775,25.43583561643835,15.845068493150675,2275.6796821917806,0.9857369863013705,14.664031780821905,110.90771068493154,7.965150684931504,36.86566246575339,1.5333076712328768,4.77217972602739,20.754109589041096,28.52901369863012,2311.616438,3.6110684931506833,2.3564273972602736,1.828372602739726,278.172602,7493.351,284.64951671232876,1.1592602739726032,8.488371506849324,14.437178082191776,0.558769315068493,46.68599561643842,97.92943342465752,151.20017534246568,56.49997260273972,211.662161,26.25458191780821,189.857534,5.223123287671239,0.9830986301369863,119.05071232876716,203.39518356164388,664.2729391780822,45.24638246575343,4.7982687260274,3.705671232876705,28.328767,4.567892523287669,35.53202739726023,0.3124657534246579,4.925860027397266,13.127551920547946,223.427397,0,0,0,0,1990.347945,3.8032082191780847,6.4923571424657585,15.547129863013698,2.631342465753422,16.56387616438356,2635.775343,0,0,42.83303013698631,76.96435616438359,444.234197,4.139920413698633,1.7853961506849316,14.728421917808214,26.11624134573964,68.02127780821915,13.263397260273965,2.0668405479452057,8.907909802739718,14.618739726027394,0,39.64619178082185,308.3742504075124,163.150685,18.008219,2654.0014520547948,1293.1488493150682,1704.0294520547952,464.9352328767124,204.906851,242.145205,1776.586302,81.10513643835614,5167.326026,105.55899274630141,210.26475835616438,69.33218958904104,0.48507561643835645,NA,325.1206575342465,17.410613698630137,11.235068178082193,37.424657,90.35298630136984,2.9667252054794555,4.681988046575338,262.7873106849314,58.531507,61.671232,14.920473872663047,12.645860857534243,4.9310924852054825,523.7772361643836,6.132526027397259,7.945452054794525,32.66304109589043,15.184886901917817,10.132357972602742,22.724712328767136,2075.780822,NA,14.048418630136995,13.881561643835616,7.776739726027406,0.2810958904109588,203.34705424657537,11.746794520547937,16.280684931506848,0.3613824657534242,14.409863013698613,1072.70685,91.56963068493151,13.547460273972607,154.342466,28.27936986301367,4.352301369863012,249.888259726027,0.04465152041095895,14.249445479452058,18.275561643835623,NA,227.101369,89.65440696986312,379.08873534246584,16.882767123287618,101.45534246575343,28.89176993369867,26.206958904109555,167.42280657534243,299.2173402739728,502.271233,302.709589,186.6635561643835,121.89454136986303,15.280079452054792,217.62662794520548,2726.822822093151,3.7315919342465733,0.065498904109589,1.5239698630137002,2.8082760460273994,0.5635616438356165,1.5986821917808225,1.3890575342465754,0.6861369863013703,2030.45368219178,36.22536767123288,89.97166666666654,7.59146821917808,4.381036438356158,933.8215967123291,79.10715361916772,55.476712,1.3380000000000003,5.4567306301369864,500.9230345205477,2179.904109,0,1588.169863,86.83701150684931,96.33501589041099,12.430717150684929,363.057535,265.852055,351.9672953424653,996.3887532222788,7.523399452054795,31.494684931506804,1000.0149609166883,24.063013698630144,1.2727452054794528,6.652273972602738,0.9769197260273973,49.407378630137,93.0011583561644,677.586301,115.79365041095892,0.940164383561644,NA,2.06,NA,115.54520273972597,16.299057413698634,324.4674575342467,561.8877567123291,1805.457533,20687.417556164382,48.321961643835614,102.84755409836052,0.5863846493150683,643.0354794520545,258.90967123287675,9.3,1.7021917808219187,141.27665534246586,14.283294246575343,13.776684931506848
87194.40935350848,9.100410958904114,27.83662904109589,275.9514191780822,4.14,67.46339178082196,1.57375342465753,4.503671232876711,627.3488832876708,9.086575342465759,9.627364383561643,987.723286,292.019177,90.80059397260274,60.63101369863023,75.87974465753427,10.878951232876718,162.85384328767128,650.041096,3.48490096986301,26.99780821917806,5.824997260273975,1.6349263013698623,55.41041095890416,27.12671232876715,17.126904109589038,2429.078317808219,1.0219479452054796,15.107911232876702,106.51725150684945,11.47930531506849,36.24931726027401,2.556553424657534,5.411581643835614,24.470739726027396,31.26447013698627,2401.098629,4.310794520547946,2.4013753424657547,1.844723287671232,351.490411,7923.259,269.6915265753424,0.7639123287671231,9.888645479452059,14.596547945205486,0.471697534246575,50.745046575342414,101.15402191780821,149.7539901369863,58.18123287671231,211.396408,24.741686575342477,190.326026,5.416339726027399,1.2357287671232873,119.57098082191787,209.20091726027394,704.4528328767127,47.611080547945164,5.093421460273973,3.8128767123287624,29.838357,4.755185753424662,40.57701369863014,0.3124657534246579,5.130279205479454,11.933724828876715,228.117809,0,0,0,0,1973.890412,4.283578082191782,6.854908216438355,16.48217205479453,2.7734520547945176,21.094152328767123,2406.690412,0,0,47.638458082191796,83.19742465753421,450.046471,4.791409123287674,1.8958731506849311,15.320364383561635,18.74421513741708,73.8356898630138,13.861698630136987,2.198186301369863,10.941821671232878,16.308575342465744,0,50.69410958904114,334.8851891375895,160.920547,17.987098,2853.348986301369,1351.1244383561643,1744.1178904109584,429.0666936986302,194.731507,250.750687,1728.704109,82.81140054794511,5003.427397,104.26117532493147,227.68933260273985,69.33445698630133,0.4452191452054799,NA,366.2547353424654,22.646553424657533,10.811310112328767,39.819177,78.86989041095889,4.348017235616431,4.348017235616431,249.98059178082192,60.830137,61.231286,13.934017299905229,13.382836397260277,4.817771958904111,608.18952774136994,6.344981890410955,9.514027397260278,35.47202739726024,15.710719848767118,11.5248226849315,22.717260273972602,2135.471234,NA,14.596403287671237,17.06687671232876,8.209068493150687,0.3169041095890409,215.72704767123292,14.905698630136992,16.928301369863014,0.3534819178082193,13.67216438356164,1080.29863,96.92493260273974,14.859093150684927,155.739726,29.775775342465753,4.920465753424656,217.45147616438322,0.041302753205479485,17.037799452054795,20.14865753424658,NA,238.276713,101.57954476712334,400.5388794520549,17.600090410958902,95.27082191780828,31.051825027945196,27.344356164383555,161.18698849315072,306.0741150684928,523.723289,307.991781,180.25419726027397,138.92005726027392,14.540742465753423,222.8103495890411,2710.9208268712337,3.803839884931502,0.0828145205479452,1.6078958904109564,2.9007703975890458,0.5839999999999995,1.6344438356164386,1.4651616438356176,0.7051945205479453,2115.9954794520545,38.18382465753427,91.67701369863022,6.273947397260276,3.990736356164385,990.0163780821923,83.293152,55.276712,1.4781095890410958,5.52660273972603,586.5343747945199,2240.509589,0,1611.139726,88.60337972602747,102.1185764383562,11.450553095890417,357.6,254.449315,371.4485983561648,1044.188579283931,10.415310684931514,30.31816438356163,1001.7191946790718,27.572602739725987,1.3187260273972596,7.192547945205477,0.8261580821917814,51.91544986301379,93.99839013698634,689.805479,117.26850301369872,1.10367123287671,NA,2.06,NA,109.42243835616439,19.763679344958913,351.36324054794585,586.5646095890414,1750.663014,20680.378057534246,46.13643726027394,93.02580273972596,0.9452869330684935,656.5794971452052,286.5038630136989,9.3,1.7021917808219187,150.03266191780818,10.617536438356163,13.532684931506845
86698.56094843743,20.81557377049185,27.38395300546445,313.81660983606605,4.14,82.75661967213112,0.06733115717256075,4.594890710382509,684.7698721311481,9.671639344262294,9.050728142076505,994.333333,283.969945,92.27110710382519,62.58806010928956,75.30799016393436,12.802740983606563,166.57258251366116,694.655738,3.182089532786882,27.493387978142117,5.553366120218576,1.5880166666666664,49.52778032786885,30.932719125683082,19.007841530054634,2590.4230683060114,1.0937786885245895,16.742280874316936,104.9871945355192,12.500347540983611,28.538410928961753,1.4846434153005466,5.370859562841527,24.290628415300546,30.3884218579235,2311.426228,4.433251366120222,2.4376010928961738,1.8506284153005483,369.333333,8041.343,274.14818688524593,0.7790163934426227,10.6515868852459,12.362240437158476,0.482754098360656,50.17119890710382,95.10430710382512,161.97383278688523,60.2068579234972,215.18119,28.5986469945355,181.054644,5.970693989071033,1.1056502732240436,119.59566010928962,215.41522950819675,726.5921573770488,44.598888524590144,5.197041095890415,2.686530054644807,29.259564,4.884186284152999,43.37254098360654,0.3116120218579236,4.7326210928961805,6.753252677595628,218.46448,0,0,0,0,1933.857923,4.304844262295081,7.010924808743169,16.452034972677605,2.8707103825136655,18.845841530054635,2533.461748,0,0,48.51638579234967,80.7013114754099,429.209253,4.128128030054641,1.9639106557377077,14.264163934426232,11.66623770491804,66.49449726775958,14.04528907103825,2.1353612021857913,10.387071661202187,16.264016393442628,0,49.43923497267755,300.8255362271028,158.502732,16.42623,2949.9810382513656,1397.7587704918028,1842.3919125683062,482.3399453551914,192.360655,246.095629,1666.789618,69.95712459016391,4751.478142,94.06614793989073,260.9683519125683,70.95700874316944,0.4959131147540984,11.415956284153005,395.79107923497287,25.015566120218548,12.284457087431692,38.14754,105.57841530054641,3.2039530054644767,3.8292058885245903,259.8765486338797,63.808742,61.295082,11.561585328384377,14.349256234972685,5.8238635819672195,577.7980518087433,6.909379016393439,11.294918032786889,36.80743169398904,15.75270010491803,14.165155737704913,22.3222131147541,2125.770492,NA,15.55092459016394,18.15510928961749,8.447540983606556,0.42393442622950794,228.1699650273224,13.310983606557373,18.65333333333331,0.3591699453551916,16.729125683060115,1033.423497,96.44121420765023,14.732030054644806,157.5847,28.26403825136612,5.44647540983607,276.6791387978141,0.06607111303278686,17.41789180327869,17.90174863387979,NA,223.349727,131.5993953661202,395.559449180328,15.379262295081967,111.32836065573775,31.027148500546442,28.262923497267813,190.1030502732241,310.94069617486326,539.507103,292.576503,166.50096448087436,172.4032601092895,16.255704918032784,215.73361530054643,2847.2172411038246,3.8983707377049206,0.0670950819672131,1.6022540983606595,2.9713838251366105,0.582404371584699,1.6166355595628414,1.4993743169398912,0.7732459016393439,2263.367742076503,39.293137704918024,86.1822677595629,6.826160491803283,3.7771411475409855,1008.4603421912565,85.590163,64.065574,1.4338243169398912,5.461994535519123,614.0550098360663,2142.308744,0,1547.002732,86.38406666666671,111.36663606557373,14.070869398907098,351.117486,262.306011,379.9970262295074,984.1106272692892,10.846061202185796,31.29054644808739,975.4076980582183,27.08196721311475,1.444674863387974,9.031010928961756,0.8948467213114758,50.509629508196795,91.92395956284157,677.685794,119.59466885245912,1.17199453551913,NA,2.06,NA,62.28574043715854,19.7182395703279,334.4938338797815,628.8465103825135,1729.368853,19497.96407377049,62.57377267759564,89.66732677595624,0.9286627475136613,727.0666939890713,296.67188524590205,9.3,1.6975409836065574,156.19581530054643,12.228280874316937,11.553852459016397
85833.79702471815,36.25320547945199,26.72517041095888,349.16215945205516,4.14,98.66940821917811,0.08674084657534246,4.823364383561641,658.006569863013,8.489397260273975,8.93342794520547,998.526027,271.550687,78.78336547945197,58.27504109589041,69.48387616438359,12.06724273972603,184.69610191780828,622.057533,3.512713353424656,30.285561643835614,4.429350739726026,1.7739041095890387,48.93641534246576,34.45423780821913,17.64561643835616,2597.4625316164393,1.148679452054794,16.547775342465762,100.84418410958907,11.661326328767123,23.71431123287675,1.460013315068493,5.1383131506849296,29.833917808219205,35.27573698630132,2256.641096,4.116082191780817,2.444279452054795,1.957890410958908,348.350685,8497.269,259.3231528767124,0.9528328767123291,12.29110136986302,10.673835616438357,0.4456356164383564,48.04763287671237,93.62566246575345,163.7589863013699,58.245753424657565,205.479452,25.61602082191779,166.512329,5.280827397260283,1.107295890410959,116.70721315068495,231.41240438356175,770.5189449643836,44.952806575342464,5.197041095890415,3.2804383561643844,25.906849,4.7612189041095805,44.50090410958901,0.3124657534246579,4.3669155616438315,7.5880593890410974,205.123288,0,0,0,0,1860.090411,5.4862767123287695,6.991928767123292,16.083772054794522,3.127945205479454,19.896797808219183,2434.495891,0,0,58.19515506849316,85.69660273972607,403.614696,4.368805553424661,1.9208758904109613,14.09727671232877,18.72282324459378,75.2338597260275,14.951763287671234,2.219963835616439,10.812559317808219,15.425780821917812,0,44.388000000000076,370.9869015111576,156.638355,15.241096,3019.285671232877,1429.6510136986305,1911.2827868493155,585.9145830136979,166.10411,232.747945,1544.235615,55.92122520547947,4330.810959,98.64279401095894,201.3203287671232,82.13950356164383,0.43410410958904144,12.165260273972608,523.009316736986,30.541848767123295,13.92746537260274,36.147945,128.4023287671233,3.690692602739727,3.5492057917808246,302.3919035616435,55.364384,57.572603,12.6960833290256,12.118333315068496,5.145847380547941,620.7560729468489,7.367532273972606,14.299506849315064,39.34476712328772,15.751916729863002,13.956463013698635,22.115342465753436,2058.312327,NA,15.192751780821917,16.525479452054796,6.852520547945202,0.3441860273972604,242.3967353424657,15.00035616438353,19.712136986301328,0.3513342465753422,19.927013698630105,979.712327,92.6176789041096,14.927761643835627,151.010959,28.97368876712331,6.64438356164383,237.17178301369884,0.04306010482794536,17.0377304109589,18.7994794520548,NA,222.8,109.40274235616448,398.33391728767106,15.823536986301367,108.75583561643832,32.89625775342463,29.32978082191784,197.1076021917808,292.5521008219179,543.70411,276.071234,155.61562739726034,184.8501293150684,16.95151506849315,192.88095452054804,2749.206919528767,4.055841643835621,0.0631229041095891,1.6399041095890454,2.9140679460822,0.5839999999999995,2.2443746958904107,1.5631397260273976,0.830246575342465,2472.6453356164384,36.38701369863016,83.53378082191779,7.40849523287671,3.95355972602739,1028.2778608219187,80.536987,54.830137,1.4333690410958897,5.439232876712333,587.9031693150682,2188.50137,0,1467.490411,82.6963232876713,113.03221479452053,14.490180273972605,324.457534,255.583562,331.23885150684913,977.8335408063584,10.484899726027404,29.027534246575364,1027.0314308951502,20.46575342465753,1.6194164383561638,17.137342465753427,0.9802402739726028,49.30795726027397,87.93691068493153,703.164384,110.82788493150682,1.18542465753425,NA,2.06,NA,56.65715616438351,21.418281277862985,322.8291090410967,622.5269019178082,1643.989041,18771.399553424657,64.10195068493148,92.65144000000004,1.0786623951506857,746.1849863013692,320.27979178082234,9.3,1.7021917808219187,165.80078027397272,12.68237150684931,11.447041095890409
88699.93768540883,42.76090410958903,25.951811506849342,347.4138156493151,4.14,106.95469289863014,0.08674084657534246,4.656383561643831,718.4010284931503,9.033068493150688,8.051014520547948,1042.649313,278.460274,82.62718904109599,56.27693150684921,80.9742410958904,11.652834246575337,151.91933917808217,652.720548,3.826491588054797,34.703150684931515,5.165153262465745,2.2368739726027416,53.42050849315067,34.70415123287671,18.524876712328766,2817.6665439178078,1.1789068493150694,17.173956164383558,89.06142684931507,12.562207561643838,27.255809315068465,1.63192098630137,5.50312191780822,33.65860273972604,38.494989589041076,2364.30411,4.127726027397262,2.527863013698631,2.122958904109592,322.29589,9339.164,268.4375561643834,1.1340986301369862,13.664850410958906,15.359863013698625,0.529071232876712,49.21292712328772,80.22268821917812,189.202818630137,55.99739726027403,202.323818,28.18608986301367,167.468493,5.953057534246573,1.1629298630136988,119.087594520548,245.5579428931507,800.8374457369856,44.18830904109586,5.197041095890415,3.251917808219182,26.79452,4.784602465753428,44.504493150684915,0.2856739726027397,4.662193753424653,6.995783068493153,214.049315,0,0,0,0,1817.227397,4.953101369863015,6.995783068493153,20.0598645260274,3.2118273972602758,21.111315068493155,2466.928767,0,0,58.95498958904102,82.84808219178082,369.841097,5.699574479452056,1.9842065753424623,15.048205479452056,16.818,68.12033972602742,17.62787643835616,2.278627397260274,11.582361939452058,14.110794520547941,0,46.021205479452036,416.55738975445934,149.295891,14.649314,3141.96739726027,1506.3209863013694,1803.801736986302,603.2165670246575,166.575341,251.241095,1544.243835,51.18504986301376,4401.89589,107.125417689863,234.41818849315072,85.03976986301367,0.43127068493150694,11.432931506849314,476.054677,26.677832328767117,14.470074364383558,37.441096,119.80126027397264,3.806238356164381,5.576522575342465,310.3571523287671,55.753425,60.068495,9.796641743775316,12.867607276712327,6.46735821972603,594.7757969315073,7.448627397260272,14.299506849315064,46.61205479452054,15.691329366575335,13.585649315068492,23.508493150684924,2094.284933,NA,16.72408328767124,17.355534246575345,6.523342465753423,0.4645301369863016,260.8671616438356,16.100465753424682,20.96643835616434,0.3709860273972609,21.937534246575304,985.260275,79.47327342465759,15.29800821917808,152.29863,28.96257753424654,8.396082191780819,292.277931660274,0.0401045050785749,16.95118465753424,18.40268493150685,NA,228.832878,123.65848223561649,411.2410743890415,15.523205479452058,125.32671232876719,31.01285808219178,33.2579726027397,203.9314038356164,315.607515616438,567.589042,273.663014,126.32391232876715,196.60295397260285,18.587578082191772,191.74679999999992,2965.641449117808,4.370986301369855,0.071834794520548,1.651306849315064,3.04105974345206,0.6044383561643835,1.6167058868493156,1.5831890410958902,0.9056383561643842,2675.58628767123,37.9313928767123,80.82756164383561,6.733201643835613,4.232557534246576,1171.4969976547948,83.6,55.473974,1.4918282191780818,5.590136986301372,592.46967890411,2268.569864,0,1441.035616,88.83489205479457,117.36312657534255,16.57359391780821,342.846576,260.632876,307.60781589041096,1020.3802008020157,11.067718356164377,34.744465753424635,1088.4829622675968,21.408219178082195,1.6887671232876678,15.845917808219173,0.8930060273972601,46.473786301369806,87.6664580821918,674.849314,121.02599780821915,1.22630136986301,NA,2.41,NA,51.72864657534248,24.650482308767167,306.26920986301434,645.0072827397256,1624.471232,19177.537106849315,53.8014454794521,82.23517698630138,1.0934698649589045,774.710904109589,339.38749369863064,9.076,1.7021917808219187,148.81314191780828,13.326287123287667,12.743561643835623
89381.68204114644,55.81753424657529,25.735346849315118,349.5789589041096,2.34564584991815,111.97478115068493,0.08674084657534246,4.644186301369865,711.1012063013698,8.519095890410952,6.358597260273968,1095.416438,263.391781,92.36111123287674,55.98621917808216,103.65355616438347,12.173486027397262,175.84887890410957,610.936986,3.2247207800547892,32.200575342465775,3.351729455342466,2.625773698630137,64.30844383561649,35.42825534246574,19.149698630136992,2893.719367739726,1.2069424657534242,18.18951123287671,84.04729095890427,14.483612000000003,25.29113315068495,1.9331113698630125,6.406559999999994,34.23216438356163,42.310597260274,2392.336985,4.367808219178082,2.6422575342465753,2.231282191780822,332.052054,10053.344,307.29781589041096,1.0241331506849314,15.055927671232881,18.676082191780818,0.593304109589041,49.698622465753395,79.33965150684925,170.6995660273972,55.42328767123287,198.138157,23.748500821917848,163.367123,4.601846575342461,1.1344043835616435,113.76304438356172,245.8740713753425,781.7604555397254,44.11808438356165,5.197041095890415,3.301534246575344,26.463012,4.83543287671233,47.16734246575337,0.2775726027397257,4.3271869315068585,15.244821917808228,208.290411,0,0,0,0,1824.276712,5.456202739726029,6.725945205479454,21.14111708493151,3.3826602739726073,21.99693150684931,2392.235616,0,0,66.81615890410956,82.45578082191784,350.989042,5.429142421917805,2.0120150630136986,16.615178082191782,14.577,68.80322958904107,18.382021917808217,2.3145057534246574,12.093151887945199,15.425780821917812,0,47.066465753424616,369.63431773929466,142.241097,14.40274,3221,1553.4699452054788,1686.97722630137,635.7393634191781,145.180822,249.471233,1493.80274,53.857509041095895,4413.380824,131.25799685917806,270.65618630136976,87.30881095890398,0.40000219178082197,13.273369863013704,456.636214,28.339585753424664,14.937032281095904,34.230138,124.06328767123294,3.9719397260274003,6.233952821917811,189.2807463780822,53.857535,61.504111,10.689814511932456,13.984242421917802,6.082851838630137,657.2276580821929,8.04144104109589,15.621123287671228,44.26361643835616,16.361304316712324,14.774638356164386,25.050630136986307,2120.271234,NA,17.429993424657535,21.585589041095922,6.237753424657529,0.3218356164383557,281.5006334246575,18.122328767123275,21.495041095890407,1.075408219178082,22.8494520547945,990.706849,89.87162630136979,14.549288767123285,152.704108,31.051009315068534,8.079852054794515,279.6620538630137,0.04483699559845832,17.393925479452054,18.996684931506852,NA,220.238355,134.7570808109589,413.31714836712314,17.131591780821925,124.86471232876721,19.727971506849318,33.82789041095886,215.75992657534252,300.55977863013675,558.583562,256.361644,142.53403835616436,185.73667726027392,18.042720547945205,185.07941150684925,3130.776540734247,4.92625589041096,0.069993698630137,1.704854794520546,3.084711937095888,0.6085260273972605,1.497704090684932,1.6463232876712326,0.9334438356164393,2784.42621917808,39.74772931506853,80.50271232876709,5.746809863013695,5.393114520547949,1265.6729797260282,82.969864,55.00822,1.4637972602739724,5.590136986301372,660.8462695890406,2259.372604,0,1385.276711,101.68522520547947,110.89561643835623,13.365050361643833,322.043837,241.936986,284.93349041095934,944.0388994880337,11.656184109589038,43.90882191780822,1107.6956819712238,18.698630136986303,1.753013698630136,14.414739726027399,0.844251506849315,47.45693698630137,81.10048547945206,655.339726,125.87352109589023,1.22630136986301,NA,2.06,NA,35.60336438356163,26.269372568356147,291.9123945205474,703.795897260274,1582.005479,18895.505293150683,60.38633315068485,75.79114739726019,1.2621494246575347,725.8372183671232,367.4995221917806,9.3,1.7021917808219187,127.29563178082192,15.795933150684927,23.221616438356133
93532.74786757838,27.677745205479425,28.13148164383562,415.6059726027397,2.34564584991815,158.867808219,0.08674084657534246,4.879287671232871,763.6902783561645,7.779917808219179,7.69860356164383,1125.747944,256.597261,99.62932712328777,58,111.21543671232877,10.052257295890408,168.26945863013688,606.684932,3.514323040602745,32.78758904109583,4.743138749589049,2.935865041095891,72.7185358904109,30.48979945205476,21.287863013698637,3279.2654243013662,1.2228630136986296,16.49357260273972,88.99674410958896,19.389101369863013,93.69763945205476,1.6453994520547948,5.8219792328767115,37.93180821917811,42.40675835616435,2389.139725,4.044249863013694,2.76932602739726,2.255808219178082,336.364384,11552.746644,340.3430597260272,1.150829315068493,17.29063890410958,36.39178082191777,0.659709589041096,52.70126027397252,68.41623671232884,176.9583912328767,46.7082191780822,202.480365,42.03110684931506,153.621919,6.216641095890411,1.1455934246575346,111.25216328767121,284.1659170410959,874.307750241095,45.53756164383557,5.197041095890415,3.737315068493151,29.142465,5.198484931506852,67.26865753424659,0.2838520547945209,4.330850821917808,12.979164325435098,206.69315,0,0,0,0,1744.652054,5.156739726027392,6.482710383561648,23.04673263561644,3.611605479452047,23.588794520547978,2373.879451,0,0,77.54851397260278,72.49410958904107,283.317808,3.7001237479452014,1.9180980821917826,11.958394520547941,12.8,75.44044931506849,16.5785506849315,2.5393098630136994,13.252109589041094,19.022931506849336,0,55.88356164383567,322.1586774532605,145.723288,15.624658,3550,1625.9642191780813,1964.3855945205469,879,140.134248,205.742467,1266.260274,52.99632219178086,4282.252055,153,248.89434958904104,90.06578630136995,0.39943205479452,11.388739726027401,451,32.16053150684932,17.731026088767166,34.88767,148,4.477911967123293,8.088527835616441,269.2694779616438,52.260274,56.79452,11.294972489015247,16.601174684931504,6.3101101410958895,736.9548899068498,14.476339041095887,19.065123287671213,40.794027397260315,17.307173156164374,17.43262739726023,25.724602739726027,2039.690411,NA,17.422794520547946,24.381369863013674,5.811945205479457,0.3605468493150686,280.6292383561644,22.22512328767121,24.620082191780856,0.43271205479452096,30.021726027397268,932.145205,84.519178630137,20.48523647123288,156.213699,31.716337534246563,12.852580821917808,454,0.04920944271041742,17.245852054794526,18.702630136986294,NA,211.232875,165.08471232876713,497.81290915616404,20.377123287671207,139.40643835616433,36.81929731506844,37.19726027397264,223.98344438356168,348.27259726027387,504.39726,233.460275,107.71506849315074,239.83799965479452,16.779895890410955,184.60230027397262,3607.432985013699,5.9743131506849325,0.0705482191780822,1.698424657534248,3.0955886136986317,0.6499890410958903,1.6037410958904108,1.6830794520547947,0.9881232876712335,3189.05202739726,43.35996821917808,70.16852054794525,6.973240000000005,8.06020575342465,1235.508750684931,73.321462,50.367124,1.584975342465754,5.590136986301372,610.6699998783595,2347.8,10.632739726027388,1199.673973,105.81179835616443,106.88835397260276,15.231405632876713,302.947946,230.399999,127.04235616438356,947.219531262876,22.617768767123298,58.70465753424661,1252.0743702110803,19.819178082191787,3.5501534246575317,14.057013698630135,0.8701529589041102,48.50552219178083,95.73095671232876,762.681967,155.14891726027392,1.32849315068493,NA,2.06,NA,20.479452054794525,31.629202043114667,245.72688876712326,789.1586496547947,1517.70137,19100.465909589042,52.04749260273976,59.54479342465756,1.154913589041096,779.6491484821918,378.811036712329,9.3,1.7021917808219187,154,22.255917808219177,26.633205479452084
95262.40331905617,34.914945136986304,26.061698,431.2676164383562,2.345645,156.74660274,0.086739,4.974929,793.612832980822,8.222465,7.910535,1120.59726,258.432877,98.1253928136986,64,112,10.629836,139.042356,622.578083,4.19759,36.210244,3.939183328219177,3.541063,84.145044,31.130356,23.455148,3238.4095,1.2269506849315066,19.127068,95,24.989254,72.233809,2.646008,5.783461,43,39,2440.342467,4.285205,2.799206,2.306495342465769,330.509588,12173.855748,335,1.24119,17.156893150684933,21.144189,0.610626,52,68.065178,170,47.286878,196.142466,44.74796,154.479452,5.602275,1.216575,123.127068,272.5138961315069,857.127068,48.59389,5.0935616438356135,3.738162,29.117808,5.434716,69.222465,0.296483,4.554940767123293,16.539715,206.876712,0,NA,NA,NA,1745.843834,5.164955,6.78457,22.0656322630137,3.695397,27.021381,2367.706849,0,0,86.190295,74.6804381369863,295.473972,3.9729538191780804,2.000653,13.640865,13.5,89,18.45906,2.624536,13.578446,22.088109,0,62.080082,394.769393,155.49315000000001,17.312328,3848,1532.2956260646713,1822.9849227397262,803,145.778082,217.435615,1273.783562,54.021178,4163.021919,133,306,105,0.419868,13.850904109589042,451,34.304164,20.584793,36.726027,163,4.487274,8.181291,221,57.142465,56.232877,17.409552,18.876739,5.832842,700.084712,10.721305,20.607202,43.09331506849315,14.835707,17.293887,26.22183508219178,2006.328767,NA,17.754878,24.073917,7.4823,0.405664,274,26,26.720383000000002,0.448458,25.398985,921.315067,86.70864986301376,18.979059,160.747946,36.148246,13.980626000000001,410,0.053803,19.529684,20.495726027397303,NA,214.643836,188,526,22.718098630136993,147.021178,33.349499,46,234,378,540.668492,237.350686,108.71506849315072,233.47503453150685,17.800825,190.10863,3659,6.627911,0.065116,1.742832,3.112541,0.6499890410958903,1.6210698630136948,2.362965,1.027442,3258.797998,47.9041,72.73424657534252,7.225152,6.439093,1267,79.330077,49.408219,1.577121,5.79082,634,2473.147945,13.059012,1246.591781,108,118.148246,14.733949,301.572603,226.882693,122.04235616438356,974.166931,22.076101,54.434791,1257.182648,19.147941,3.48111,15.266519,0.910005,51.357608,102,881.542916,151,1.369369,NA,2.06,NA,20.1986301369863,31.489366,222.628849,922.3439127561644,1559.873972,19531.631558904108,53.127068,86,1.073166,682.0238832986302,415,9.3,1.70219,73.26071232876713,23.68489,28.062465
96793.56079247399,25.590860712328766,27.170328,420.72377,2.345646,150.613945205,0.086738,5.052921,776.904164,6.843248,7.790639,1114.63388,262.382513,96.304164,61.426568,112,10.774034,137.065178,631.524589,4.153829,46.830135,5,3.66222904109589,91.21493,36.21726,22.3612,3101,1.24,17.598418,97,20.511459,91.669789,3.207282,6.06786,48.792568,38.52,2465.603825,4.219779,2.819484,2.335517808219199,351.959016,12830.590374,352,1.45287,16.625737,15.943903,0.632348,55.152082,69.086904,174,52.293296,180.183061,52,158.202187,5.058573,1.226698,133.195534,256.941797,830.147841,48.439103,5.2,3.844479,28.90164,6.023079,80.253551,0.308273,4.684524,15.980651,210.153006,0,NA,NA,NA,1706.590164,5.687549,6.671435,21.662076,3.725671,33.036493,2383.393443,0,0,88.454272,75.798808,296.147542,4,2.045535,12.794587,12.569872873594713,93,20.005844,2.740278,15.285497,23.087868,0,57.499698,407.374214,155.554645,19.106557,4233,1527.2147438728905,1750.250074,860,152.20765,221.010927,1236.669398,58.364083,4030.174865,116,334,114,0.44865,14,437,40,20.674682,37.685794,168.52481221917807,4.706652,9.348411,204.537103,61.661201,56.177596,17.063316,20.684553,6.831114,717.316803,11.483373,20.404723,47.225,14.964925,16.105644,28.254344,2052.614755,0.8369458517579389,19.002597,21.073715,7.467533,0.23026,275,40,26.718413,0.465225,43.482376,937.076503,87.3,19.190618,168.363388,36.130356,12.966014,424.894508,0.052151,20.782171,21,NA,212.22951,179,597.0075663013698,24.001,155.043452,42.99577,54,246,407,582.172131,237.133879,96.74601717144492,232.628824,18.347557,198.238986,3576.689,6.681599,0.06541,1.790663,3.14522,0.66,1.619,2.155307,1.068022,3119.448054,49,74,8.048356,6.627997,1352,81.669399,52.319672,1.375773,5.8930110000000004,626,2605.42623,13,1290.076503,124,139,13.808216,317,228.18306,124.035694,978.521291,23.757091,55,1297.189022,19.98087,3.402741,15.265791,0.9491,52.460994,98,942.132577,149,1.416584,NA,2.06,NA,16.439537132961355,32.823655,246.621666,894.39589,1595.62295,19691.898456284154,53.152082,90,1.097132,709,445,9.3,1.697537,62.270179,23.50963,25.655846
98942.40100870971,23.631189041083562,35.325689019168486,407.385095890411,2.3456458499,134.82805479400002,0.0846575,4.7990684931,750.7489315068493,8.202986301369863,8.0926027398,1166.673972,263.356164,102.44353424657534,60.96594520547946,122.9197808219178,10.1871323753,124.8633698630137,637.534246,4.8929172286,46.26671232876712,4.940764964368493,3.9906238356164385,87.26624657534246,35.0463826849315,20.2496164384,3145,1.1625260274,14.998223682220548,91.05237260273972,25.6006835616,135.45917808219178,3.5245517809,6.4755123288,50.460410959,37.92254794520548,2464.010959,4.8649863013,2.8229178081,6.709662429543835,357.172604,13340.186230136986,328.5281369863014,1.7025227397,14.25841095890411,17.424794520600003,0.6737923287,57.6013698630137,72.33772602739727,148.95054794520547,53.130240246575354,214.32805,51,158.536986,4.4589150685,1.1757938355,126.31835616438356,245.7896712328767,823.4072602739726,44.59460273972602,7.2643506849315065,4.1426575342,30.189041,5.9218195265,78.8569041096,0.2961917851,5.295270136986302,16.1883671232,208.868494,0,NA,NA,NA,1735.923288,5.6165973973,6.4977155069,21.666219178082194,3.7884767122,29.72131506849314,2450.084932,0,0,79.33030136986301,83.7114246576,303.598175,4.050248608193151,2.2159725769,12.82965712328767,11.4931506849,94.01016438356163,19.9228630138,2.2067698629,15.095675518191783,22.3967123287,0,58.3565479452,421.6427241079,167.706848,21.356163,4531.196682564837,1589.2235701283707,1821.744285,910.6429863013698,153.282192,238.041097,1244.254795,47.561808219178076,3932.484933,120.19805479452056,338.2755068493151,115.41594520547946,0.4464224657,12.559902465799999,416.1137808219178,34.76460273972603,21.0613863014,38.293151,178.51858032886437,6.027014937,8.0732328768,213.1156712328767,64.20822,59.378082,15.956205021107952,16.9153863013,7.5277339726,722.2927397260273,11.870869589100002,20.5601917809,50.24580821917808,14.369848219178081,25.2393095891,30.678109589041096,2019.950685,0.8598558904109589,19.943753424657533,26.852246575342466,7.562547945205479,0.2098958904,292.28531506849316,44.52287671235069,25.781780822,0.4523863013,49.1766027397,945.6,88.154935,17.92405205479452,177.361643,35.3213698630137,12.420109589041095,425.8452328767124,0.0499706849,18.936921150699998,21.93073630136986,NA,214.884932,205.565698630137,599.6639753424657,24.235007,166.5869589041096,39.18462246575343,54.694109589041076,247.07863013698628,443.4596438356164,657.742466,241.936987,107.2750575343,265.9141144767192,18.39782838356164,209.92367123287673,3633.3460821917806,6.8071238356,0.0694986301,1.8020410958,3.3946178082,0.6499890411,1.8869561644000001,2.1079479452,1.0853397261,3304.205095890411,51.07443835616438,73.89155624657535,8.4145079452,6.4727945205,1444.4927671232879,90.284932,53.750684,2.1507239452,5.8653780275,659,2629.79452,11,1297.372603,126.34479452054795,137,14.877555342465753,322.024657,224.726028,127.63115068493151,950.2721992788106,21.01827397260274,54,1388.7436181972346,23.8,3.4703827398,15.9176438355,1.138649041,46.01534246575343,101.35786301369863,990.812694,150.5924109589041,1.5328767123,NA,2.06,NA,16.439537132961355,36.4922213357,267.3628493150685,902.5406849315068,1625.389042,19951.92395890411,47.2974794520548,91,1.1830953698000002,644,459.2544657534247,9.3,1.6534246576,59,26.039698630136982,24.1171780822
100051.02417971275,22.4528328767,33.05213698630137,418.17019726027394,2.3438458499,133.345506849,0.0846575,4.9294246575,718.7873150684931,8.063643835593151,7.7928082192,1180.775343,268.643836,100.26139726027397,62.60693150684932,138.6718904109589,10.8035547654,138.186301369863,683.490412,4.1057232753,46.39383561643835,5.214484717742466,3.990623836,89.73054794520547,34.485205479452055,21.1975342467,3063,1.4454931507,15.813624355293149,92.77303479452054,20.5512798082,140.60180821917808,3.0500473972,6.4982943289,55.2317534246,35.30687671232877,2525.2,4.5118630136,2.8512109589,6.882265169269863,363.430136,13887.517424657535,336.93175342465753,1.5612139726,12.123342465753424,17.4102739726,0.6758958904,60.185386921835615,71.01336986301371,158.71660273972603,53.17404117808219,216.903391,52,161.235616,4.6644794521,1.230061096,142.75494876712327,262.7278904109589,786.2210684931506,50.435452054794524,10.1311232877,4.7764109589,30.219178,5.9810684932000004,84.5938904111,0.3091178082,5.4654848219,16.1223211030137,211.799999,0,0,0,0,1687.961644,5.6165973973,6.694019352,17.619616438356164,3.812520548,29.50682912437671,2333.076713,0,0,92.64842739726028,81.7995616439,298.654794,4.0534677036,2.1860382856795435,12.90702698630137,11.4931506849,101.45509589041097,19.8392986301,2.2131369863000003,15.334270293125545,23.3609863013,0,64.59221917808219,429.5027457432,179.290411,23.161645,4765.461549299717,1705.838687031119,1821.744285,960.8416164383561,159.323288,232.043836,1272.230138,50.674575342465744,3786.123288,110.54292695890412,330,119.61490410958903,0.4465168639,12.9089315069,424.0016438356164,39.67704109589041,23.4617260275,35.31507,168.47886419173835,5.1467822599,9.1635046576,223.20109589041095,68.161644,62.934247,14.315468024467995,16.2794330743,7.1937983563,705.2783561643836,11.6904832877,20.687369863,52.110410958904104,14.369848219178081,22.6705112329,33.187917808219176,2015.230138,0.85985589,21.253068493150682,28.5941095889,7.978246575342466,0.2289753424,288.11654794520547,32.35304109589042,26.279561644,0.4444745204,55.841479452,931.443835,88.698946,19.247746575342468,179.567124,34.34432876712329,12.562487260273974,452.2824931506849,0.0517347946,18.7887567671,20.942760465753423,NA,221.698629,236.68150684931507,625.10360274,24.235007,160.71258054794518,41.97355446005073,57.7851506849315,256.0179178082192,458.7543287671233,679.873973,231.539726,100.3775232877,267.66309589041094,18.39782838356164,208.19742465753424,3562.3387671232877,7.7827797808,0.0654109589,1.8198547945,3.1247967123,0.7042041091,1.6979082191,2.0774465754,1.0686027398,3078.538466410959,52.11027397260275,72.46682328767123,8.175660274,6.4933150684,1482.9381452054795,91.55662,56.80274,1.6757260273,5.8930136987,674,2566.550685,9,1332.046576,124.41331506849315,135,15.05450565503579,292.164384,222.117808,160.68287671232878,970.7384540671835,22.2203828154,55,1414.435319031619,25.7835616438,3.5182578082,12.810794520547946,0.9926058082,41.830657534246576,101.98490410958904,958.375859,152.13553424657533,1.5328767123,NA,2.06,NA,16.439537132999998,33.4404913033,241.76928767123283,897.1608493150686,1608.336985,20511.48268219178,49.82260273972604,95,1.5385253973,582,477.7936438356164,9.3,1.6534246576,57,29.028054794520553,29.8481643835
